SalePrice,Overall Qual,Exter Qual,Gr Liv Area,Kitchen Qual,Garage Cars,Garage Area,Total Bsmt SF
215000,6,2,1656,2,2.0,528.0,1080.0
105000,5,2,896,2,1.0,730.0,882.0
172000,6,2,1329,3,1.0,312.0,1329.0
244000,7,3,2110,4,2.0,522.0,2110.0
189900,5,2,1629,2,2.0,482.0,928.0
195500,6,2,1604,3,2.0,470.0,926.0
213500,8,3,1338,3,2.0,582.0,1338.0
191500,8,3,1280,3,2.0,506.0,1280.0
236500,8,3,1616,3,2.0,608.0,1595.0
189000,7,2,1804,3,2.0,442.0,994.0
175900,6,2,1655,2,2.0,440.0,763.0
180400,6,2,1465,2,2.0,393.0,789.0
171500,7,2,1341,3,2.0,506.0,1300.0
538000,8,4,3279,4,3.0,841.0,1650.0
164000,8,3,1752,2,2.0,492.0,559.0
394432,9,3,1856,4,3.0,834.0,1856.0
141000,4,2,864,2,2.0,400.0,864.0
210000,6,2,2073,2,2.0,500.0,1542.0
190000,6,2,1844,2,2.0,546.0,1844.0
170000,7,2,1173,3,2.0,528.0,1053.0
142000,5,2,1056,2,1.0,304.0,1056.0
126000,4,2,882,2,2.0,525.0,882.0
184000,7,3,1337,3,2.0,511.0,1405.0
96000,6,2,987,2,1.0,264.0,483.0
105500,5,2,1092,2,1.0,320.0,525.0
88000,6,2,1092,2,1.0,264.0,525.0
127500,6,2,1069,2,2.0,440.0,1069.0
149900,6,2,1456,3,2.0,440.0,855.0
120000,7,2,836,2,1.0,308.0,836.0
146000,6,2,1456,2,2.0,440.0,855.0
376162,9,4,2334,4,3.0,751.0,1590.0
306000,8,3,1704,3,3.0,772.0,1704.0
395192,9,4,1940,4,3.0,606.0,1930.0
290941,8,3,1544,3,3.0,868.0,1544.0
220000,7,3,1541,3,2.0,532.0,1541.0
275000,9,3,1698,4,3.0,730.0,1698.0
259000,8,3,1822,4,3.0,678.0,1822.0
214000,7,3,1535,3,2.0,532.0,1517.0
611657,9,4,2364,4,3.0,820.0,2330.0
224000,7,3,1358,3,2.0,484.0,1358.0
500000,9,4,2696,4,3.0,958.0,2846.0
320000,8,3,2250,3,3.0,756.0,1671.0
319900,9,4,1752,4,2.0,576.0,1752.0
205000,8,3,1370,3,2.0,484.0,1370.0
175500,7,3,1626,3,2.0,474.0,764.0
199500,6,3,1324,3,2.0,430.0,1324.0
160000,7,3,1145,3,2.0,437.0,1145.0
192000,8,3,1269,3,2.0,430.0,1256.0
184500,7,3,1374,3,2.0,400.0,384.0
185088,7,3,1733,3,2.0,433.0,847.0
333168,9,3,2599,3,3.0,779.0,1393.0
355000,8,3,2475,3,3.0,962.0,1629.0
260400,7,3,1720,3,2.0,527.0,1720.0
325000,8,3,2622,3,2.0,712.0,1463.0
290000,8,3,2270,3,3.0,671.0,1152.0
221000,7,3,1839,2,2.0,486.0,1195.0
410000,8,3,3238,3,3.0,666.0,2033.0
221500,8,3,1595,3,3.0,880.0,1595.0
204500,7,3,1218,3,2.0,676.0,1218.0
215200,7,2,1547,3,2.0,614.0,756.0
262500,8,3,1566,3,2.0,750.0,1566.0
254900,7,3,1947,3,2.0,678.0,991.0
271500,6,3,1468,3,2.0,528.0,1468.0
233000,7,3,2084,3,2.0,618.0,956.0
181000,7,3,1659,3,2.0,484.0,831.0
143000,6,2,923,2,1.0,264.0,923.0
189000,6,3,1845,3,2.0,462.0,1055.0
99500,6,2,918,2,1.0,264.0,918.0
125000,6,2,752,2,1.0,264.0,744.0
152000,6,2,1097,2,2.0,480.0,1040.0
171000,6,2,1564,2,2.0,476.0,650.0
67500,5,2,1012,2,1.0,429.0,816.0
112000,6,2,1902,2,2.0,539.0,0.0
148000,5,2,1155,3,2.0,576.0,1109.0
138500,5,2,894,2,1.0,336.0,894.0
133000,5,2,1040,2,1.0,308.0,1040.0
169000,6,2,1494,2,2.0,461.0,1208.0
190000,7,3,1923,3,2.0,564.0,750.0
362500,8,3,2349,3,3.0,762.0,1231.0
285000,8,3,2225,3,3.0,713.0,1390.0
260000,7,3,1488,3,2.0,506.0,1488.0
190000,7,3,1680,3,2.0,588.0,840.0
155000,7,3,1200,3,2.0,480.0,600.0
151000,7,3,1200,3,2.0,480.0,600.0
149500,7,3,1200,3,2.0,480.0,600.0
152000,6,3,1236,3,2.0,480.0,600.0
155000,7,3,1416,3,2.0,484.0,696.0
267916,8,3,1418,3,3.0,852.0,1642.0
254000,8,3,1848,3,2.0,592.0,975.0
155000,8,3,788,3,2.0,484.0,728.0
206000,8,3,1226,3,2.0,484.0,1226.0
230000,7,3,1492,3,2.0,596.0,1492.0
243500,6,2,2495,3,2.0,660.0,1280.0
196500,7,2,1714,2,2.0,496.0,980.0
197500,6,2,1381,3,2.0,676.0,1161.0
171000,6,2,1645,2,2.0,441.0,715.0
142250,5,2,1232,2,2.0,490.0,1232.0
159000,5,2,1209,2,2.0,504.0,1209.0
178900,5,2,1510,3,2.0,517.0,1510.0
137500,6,2,1054,3,2.0,480.0,936.0
142125,5,2,1078,3,1.0,240.0,1078.0
197600,5,3,2461,2,2.0,400.0,1140.0
172500,6,2,1556,2,2.0,470.0,782.0
128000,5,2,1063,2,1.0,280.0,1056.0
153000,6,2,1520,2,1.0,364.0,1156.0
132000,5,2,1268,2,1.0,244.0,1268.0
178000,6,2,1128,3,1.0,315.0,1080.0
154300,5,2,2274,2,2.0,480.0,1105.0
190000,6,3,1888,3,2.0,578.0,1517.0
135000,5,2,1604,2,2.0,576.0,1604.0
214000,7,3,1480,3,2.0,620.0,1480.0
165500,5,2,1700,3,2.0,447.0,1398.0
145000,5,2,1314,2,1.0,294.0,1314.0
148000,6,2,1194,2,1.0,312.0,1194.0
167500,5,2,1264,2,2.0,461.0,1268.0
108538,5,2,1206,2,1.0,312.0,1206.0
159500,6,2,1580,2,2.0,440.0,1244.0
108000,4,2,1337,2,1.0,263.0,832.0
135000,5,2,1064,1,1.0,318.0,864.0
122500,5,2,972,2,1.0,305.0,972.0
119000,5,2,988,2,1.0,264.0,988.0
109000,5,2,1057,3,1.0,246.0,1057.0
105000,4,2,985,2,2.0,676.0,576.0
107500,5,2,827,2,1.0,392.0,0.0
144900,5,2,1086,2,2.0,490.0,1086.0
129000,5,2,936,2,1.0,308.0,936.0
97500,6,2,1458,2,1.0,330.0,912.0
144000,6,2,1056,2,2.0,576.0,1056.0
242000,7,3,2978,3,2.0,564.0,710.0
132000,6,2,1224,2,1.0,280.0,816.0
154000,5,2,1246,3,1.0,305.0,1246.0
166000,5,2,1385,2,2.0,720.0,910.0
134800,5,2,900,3,2.0,576.0,900.0
160000,6,2,1116,2,2.0,440.0,1116.0
148000,5,2,1175,2,2.0,484.0,1175.0
192000,6,2,1395,2,2.0,440.0,1395.0
155000,6,2,1839,2,2.0,442.0,756.0
80400,4,2,1844,2,1.0,240.0,709.0
115000,5,2,1028,2,2.0,360.0,1008.0
143000,5,2,1347,3,2.0,551.0,1347.0
107400,3,3,1605,2,1.0,379.0,840.0
80000,4,2,747,2,1.0,220.0,747.0
119000,5,2,804,3,1.0,240.0,788.0
130000,5,2,1316,2,2.0,484.0,926.0
119000,6,2,1251,1,1.0,240.0,827.0
129000,5,2,1633,3,1.0,240.0,1027.0
12789,2,2,832,2,2.0,780.0,678.0
105900,6,2,720,2,2.0,484.0,624.0
150000,8,3,1566,3,1.0,288.0,930.0
139000,5,2,1652,2,1.0,416.0,686.0
240000,8,3,2268,3,2.0,624.0,346.0
149700,6,2,1236,2,2.0,923.0,912.0
125500,4,2,1363,2,2.0,528.0,622.0
122500,4,2,2290,2,2.0,560.0,777.0
140750,6,2,1470,2,2.0,624.0,738.0
128500,5,2,1612,2,1.0,363.0,988.0
87000,4,2,765,3,1.0,200.0,765.0
134000,6,2,1132,2,1.0,240.0,608.0
128000,6,2,1196,2,2.0,576.0,572.0
132000,5,2,1453,3,1.0,240.0,835.0
139900,6,2,1416,2,1.0,312.0,780.0
123900,5,2,1040,2,2.0,624.0,528.0
138400,5,2,1536,2,2.0,480.0,928.0
109500,6,2,1068,2,1.0,288.0,1124.0
140000,7,2,1710,2,2.0,480.0,576.0
149500,4,2,1962,2,2.0,572.0,888.0
122000,6,2,1324,2,1.0,180.0,662.0
110000,5,1,816,2,2.0,516.0,816.0
140000,5,2,1812,3,2.0,672.0,360.0
173000,5,2,1675,2,1.0,365.0,1422.0
107500,5,2,1224,0,1.0,180.0,689.0
95000,6,2,919,2,1.0,231.0,600.0
114900,5,2,1680,2,2.0,450.0,856.0
131500,5,2,1039,2,2.0,504.0,1039.0
125000,5,2,912,2,1.0,336.0,912.0
137900,5,2,892,3,1.0,416.0,864.0
158000,6,2,1352,2,1.0,299.0,663.0
137250,5,2,864,2,1.0,280.0,864.0
163000,5,2,1440,2,2.0,480.0,720.0
328000,7,3,2260,3,2.0,533.0,1306.0
85000,4,2,756,2,2.0,440.0,660.0
128000,4,2,1067,3,2.0,436.0,1067.0
124000,3,2,1610,1,1.0,480.0,972.0
83000,5,2,835,2,1.0,366.0,458.0
144500,6,2,1074,3,1.0,467.0,663.0
129000,5,2,1144,2,1.0,596.0,1144.0
127000,4,2,1531,2,1.0,209.0,756.0
128000,5,2,1172,2,1.0,366.0,1172.0
186000,6,2,1212,3,2.0,460.0,1212.0
308030,7,3,1508,3,2.0,572.0,1508.0
84900,4,2,930,3,1.0,308.0,0.0
178000,6,3,1732,3,2.0,476.0,741.0
270000,7,3,1433,3,2.0,528.0,1433.0
218000,6,3,1802,3,4.0,1017.0,946.0
236000,7,3,1949,3,2.0,574.0,1050.0
147000,6,2,996,3,2.0,564.0,936.0
245350,8,3,1694,3,3.0,776.0,1694.0
206000,7,3,1208,3,2.0,632.0,1187.0
198900,7,2,1226,3,3.0,740.0,1226.0
187000,7,3,1222,3,2.0,615.0,1222.0
320000,7,2,3222,3,3.0,594.0,1673.0
138500,6,2,1445,2,2.0,484.0,676.0
155000,6,2,1052,2,2.0,440.0,1010.0
159000,5,2,965,2,2.0,580.0,870.0
200500,6,2,1682,3,2.0,523.0,804.0
150000,5,3,1026,2,1.0,308.0,1026.0
128200,5,2,894,2,1.0,308.0,894.0
127000,5,2,876,2,2.0,484.0,876.0
318000,8,3,1978,3,3.0,850.0,1978.0
237000,7,3,1829,3,2.0,613.0,941.0
240000,7,3,2098,3,2.0,621.0,1040.0
224900,7,2,1661,3,2.0,598.0,1649.0
232000,8,3,1668,3,2.0,502.0,1657.0
213000,7,3,1484,3,2.0,606.0,1473.0
185500,7,3,1414,3,2.0,494.0,1414.0
84900,3,2,640,2,1.0,240.0,0.0
155891,5,2,992,2,1.0,319.0,381.0
144000,5,2,1196,2,1.0,336.0,1196.0
64000,4,2,1120,1,2.0,480.0,744.0
125200,6,2,1096,2,1.0,352.0,1008.0
107000,6,2,1117,2,2.0,672.0,1029.0
140000,4,2,1121,2,2.0,440.0,1121.0
113000,6,2,1487,2,1.0,220.0,735.0
80000,4,2,924,1,1.0,280.0,672.0
144500,5,2,1526,2,1.0,364.0,1216.0
104000,5,2,1296,1,1.0,260.0,1107.0
128000,6,2,1647,1,1.0,216.0,806.0
58500,3,2,864,2,1.0,200.0,864.0
127000,5,2,1691,3,1.0,308.0,1026.0
169000,6,2,2447,3,1.0,336.0,804.0
257500,7,3,2133,2,1.0,312.0,1528.0
215000,5,2,2177,2,2.0,484.0,1032.0
266500,7,4,2340,3,1.0,252.0,1152.0
335000,7,3,1902,4,2.0,567.0,1902.0
203135,7,2,1652,3,2.0,473.0,423.0
185000,8,3,1034,3,2.0,598.0,982.0
162500,8,3,1191,3,2.0,531.0,1191.0
289000,7,2,1801,2,2.0,484.0,1501.0
125500,4,2,1154,3,1.0,240.0,796.0
82000,2,2,540,2,1.0,200.0,480.0
110000,6,2,1107,2,1.0,625.0,629.0
68400,4,2,1128,2,2.0,528.0,698.0
102776,4,2,1178,2,1.0,384.0,859.0
55993,5,1,1044,1,2.0,504.0,540.0
50138,4,1,952,2,1.0,330.0,756.0
246000,8,3,1646,3,2.0,525.0,1594.0
254900,8,3,1916,3,3.0,741.0,1049.0
190000,6,2,1285,3,2.0,473.0,1243.0
201000,7,3,1560,3,2.0,573.0,1560.0
220000,7,3,1346,3,3.0,660.0,1336.0
179781,7,3,1214,3,2.0,520.0,1214.0
174000,5,2,1444,2,2.0,400.0,384.0
269500,8,3,1968,4,3.0,680.0,774.0
214900,7,3,1894,3,2.0,510.0,817.0
202900,8,3,1908,3,2.0,431.0,967.0
378500,9,4,2018,4,3.0,746.0,2002.0
169000,5,2,1264,2,2.0,528.0,1068.0
173500,5,2,1430,3,2.0,624.0,1430.0
119500,5,2,945,2,1.0,253.0,945.0
85000,5,2,1112,2,1.0,336.0,536.0
85500,4,2,1092,2,1.0,286.0,546.0
130000,5,2,874,2,1.0,352.0,864.0
149900,5,2,833,3,2.0,495.0,833.0
159000,5,2,2432,2,2.0,616.0,1216.0
136000,5,2,1274,2,2.0,576.0,624.0
161000,5,2,1479,2,1.0,275.0,864.0
285000,8,3,1803,3,2.0,482.0,1679.0
231000,6,3,1797,3,2.0,616.0,1152.0
124500,6,2,882,2,1.0,502.0,882.0
157000,6,2,1434,2,2.0,528.0,1434.0
345000,8,3,2704,4,2.0,538.0,1952.0
189500,6,2,1608,2,2.0,470.0,945.0
189000,7,2,1628,2,2.0,390.0,384.0
377500,9,4,1746,4,3.0,758.0,1746.0
375000,8,3,2522,3,2.0,564.0,2208.0
278000,8,3,1659,4,2.0,499.0,1501.0
240000,8,2,1478,2,2.0,495.0,1418.0
239500,8,3,1734,3,2.0,528.0,1587.0
177500,7,3,1382,2,2.0,396.0,384.0
185000,7,2,1718,2,2.0,427.0,832.0
191000,6,3,1636,2,2.0,440.0,952.0
178000,6,3,1571,2,2.0,380.0,799.0
166000,6,2,1190,3,2.0,430.0,1181.0
174000,6,2,1481,2,2.0,343.0,702.0
180500,7,2,1442,2,2.0,500.0,1424.0
501837,9,4,2234,4,3.0,1166.0,2216.0
372500,8,3,2046,3,3.0,834.0,2046.0
260000,7,3,1530,3,2.0,430.0,1530.0
185000,5,2,1934,2,2.0,567.0,1122.0
260000,7,3,2353,4,2.0,484.0,845.0
181000,6,2,1586,2,2.0,435.0,1362.0
82500,7,2,1411,2,2.0,544.0,1386.0
200000,6,2,1671,2,2.0,484.0,1427.0
184000,6,2,1707,2,2.0,479.0,1140.0
278000,8,3,2524,3,2.0,542.0,2524.0
157000,7,2,1601,2,2.0,478.0,1271.0
152000,7,2,1370,2,2.0,479.0,1090.0
240900,7,3,1884,4,2.0,581.0,926.0
263435,8,3,1935,2,2.0,552.0,832.0
167900,6,2,1116,2,2.0,528.0,1116.0
158000,7,2,1193,2,2.0,506.0,1176.0
165000,6,2,1350,2,2.0,478.0,1064.0
156000,6,2,1026,3,2.0,440.0,1026.0
76500,4,2,864,2,2.0,576.0,864.0
120500,4,2,864,3,2.0,660.0,864.0
124500,4,2,864,2,2.0,463.0,864.0
97000,4,2,864,2,2.0,576.0,864.0
130000,4,2,864,2,2.0,576.0,864.0
111000,6,2,987,2,1.0,264.0,483.0
125000,5,2,1365,2,2.0,440.0,765.0
112000,5,2,1302,2,1.0,280.0,630.0
97000,6,2,987,2,1.0,288.0,483.0
118000,6,2,987,3,1.0,264.0,483.0
119500,5,2,1302,2,1.0,264.0,630.0
146000,6,2,1548,2,2.0,440.0,804.0
148500,6,2,1456,2,2.0,440.0,855.0
123000,7,2,1055,2,2.0,440.0,1057.0
147000,6,2,1322,2,2.0,440.0,855.0
137900,6,2,1456,2,2.0,440.0,855.0
147000,6,2,1548,2,2.0,440.0,804.0
148500,6,2,1441,2,2.0,440.0,855.0
138000,6,3,1456,2,2.0,440.0,855.0
128500,7,2,836,2,1.0,345.0,836.0
100000,5,2,892,2,1.0,288.0,892.0
337500,10,4,1718,4,3.0,786.0,1700.0
462000,9,4,2772,4,3.0,754.0,1776.0
485000,9,4,3140,4,3.0,820.0,1926.0
555000,10,4,2402,4,3.0,672.0,3094.0
325000,9,3,1652,4,2.0,840.0,1652.0
256300,8,3,1600,3,3.0,890.0,1566.0
253293,8,4,2042,4,3.0,1390.0,2042.0
398800,9,3,2690,4,3.0,864.0,1365.0
335000,9,4,2184,4,3.0,836.0,1104.0
404000,9,4,2020,4,3.0,896.0,2020.0
402861,10,4,2020,4,3.0,900.0,2006.0
451950,10,4,2296,4,3.0,842.0,1722.0
610000,10,4,2674,4,3.0,762.0,2630.0
582933,9,4,2822,4,3.0,1020.0,1734.0
360000,9,4,1736,4,3.0,834.0,1736.0
296000,8,3,1782,3,3.0,932.0,1782.0
409900,8,3,2520,4,3.0,640.0,1508.0
255500,8,3,1717,3,3.0,908.0,1709.0
335000,9,4,1743,4,3.0,927.0,1739.0
274900,8,3,1713,4,3.0,856.0,1713.0
300000,9,3,1531,4,3.0,700.0,1504.0
324000,9,4,1808,4,3.0,850.0,1774.0
350000,9,3,2224,4,3.0,738.0,1462.0
280000,8,3,1836,3,3.0,862.0,1836.0
284000,8,3,1629,3,3.0,880.0,3206.0
269500,7,3,1760,3,2.0,583.0,1760.0
233170,7,3,1502,3,2.0,644.0,1502.0
386250,10,4,2392,4,3.0,968.0,2392.0
445000,9,3,2452,4,3.0,886.0,2452.0
290000,8,3,2400,3,3.0,730.0,1082.0
255900,8,3,1606,3,3.0,871.0,1598.0
213000,6,3,1358,3,2.0,484.0,1358.0
196000,6,3,1306,3,2.0,624.0,1306.0
184500,6,3,1306,3,2.0,624.0,1306.0
212500,7,3,1358,3,2.0,484.0,1350.0
230000,7,3,1314,3,2.0,626.0,1314.0
552000,10,4,2492,4,3.0,949.0,2492.0
382500,8,3,2200,4,3.0,685.0,2200.0
320000,9,4,1884,4,2.0,649.0,1884.0
248500,9,4,1456,4,2.0,539.0,1451.0
286500,8,3,1712,3,3.0,701.0,1712.0
254000,8,3,1324,3,2.0,550.0,1324.0
173000,7,3,1405,3,2.0,478.0,1405.0
173000,7,3,1626,3,2.0,474.0,764.0
184000,7,3,1456,3,2.0,390.0,728.0
167800,6,3,1490,3,2.0,392.0,745.0
174000,6,3,1484,3,2.0,390.0,742.0
174000,6,3,1560,3,2.0,400.0,684.0
174000,7,3,1555,3,3.0,660.0,1373.0
175900,7,3,1569,3,3.0,660.0,1386.0
192500,7,3,1555,3,2.0,430.0,1373.0
181000,7,3,1504,3,2.0,457.0,1346.0
180000,7,3,1220,3,2.0,397.0,1220.0
160200,7,3,1145,3,2.0,397.0,1145.0
188500,7,3,1432,3,2.0,432.0,716.0
170000,7,3,1374,3,2.0,400.0,384.0
189500,7,3,1630,3,2.0,436.0,868.0
195500,7,3,1594,3,2.0,434.0,846.0
207500,7,3,1314,3,2.0,626.0,1314.0
167000,7,3,1374,3,2.0,400.0,384.0
179000,6,2,1800,2,2.0,463.0,982.0
190000,6,2,1514,2,2.0,394.0,794.0
156000,7,2,1430,2,2.0,400.0,384.0
168000,7,2,1430,2,2.0,410.0,384.0
337000,8,3,2365,3,3.0,856.0,1252.0
403000,8,3,2794,4,3.0,810.0,1462.0
327000,8,3,2687,3,3.0,810.0,1455.0
336000,8,3,2612,3,3.0,676.0,1225.0
265000,7,3,2344,3,3.0,889.0,1264.0
260000,7,3,2646,3,3.0,656.0,1347.0
260000,7,3,2061,3,2.0,647.0,1070.0
402000,8,3,2448,3,3.0,711.0,1629.0
244600,8,3,1468,3,3.0,898.0,1468.0
275000,8,3,1696,3,3.0,972.0,1696.0
257500,8,3,1658,3,3.0,726.0,1614.0
287090,8,3,1578,4,3.0,840.0,1573.0
275500,8,3,1702,3,3.0,844.0,1702.0
245000,8,3,1432,3,2.0,492.0,1422.0
253000,7,3,1971,3,2.0,689.0,1113.0
468000,9,4,2490,4,3.0,795.0,2458.0
252678,7,2,1852,3,2.0,644.0,900.0
210000,8,3,1590,3,2.0,676.0,768.0
208300,6,3,1218,3,2.0,676.0,1218.0
229456,8,3,1314,3,2.0,552.0,1300.0
229800,7,3,1402,3,2.0,625.0,1402.0
250000,9,3,1530,3,3.0,984.0,1530.0
370878,9,4,1766,4,3.0,478.0,1766.0
238500,8,3,1448,3,2.0,692.0,1372.0
310000,10,4,2007,4,3.0,812.0,1017.0
270000,8,3,1795,3,3.0,782.0,900.0
252000,8,3,1953,3,3.0,1043.0,1082.0
241000,7,3,1550,3,2.0,438.0,1092.0
264500,8,3,1836,3,2.0,517.0,1836.0
291000,7,3,1662,4,3.0,711.0,1652.0
263000,7,3,2094,3,2.0,615.0,912.0
185000,7,3,1221,3,2.0,400.0,1221.0
234500,7,3,1553,3,2.0,588.0,1553.0
209000,7,3,1653,3,2.0,628.0,812.0
159000,7,3,1218,3,2.0,576.0,1218.0
152000,7,3,1141,3,2.0,484.0,1141.0
193000,7,3,1812,3,2.0,478.0,835.0
203000,8,3,1512,3,3.0,845.0,1512.0
159000,7,3,1114,3,2.0,576.0,1114.0
153000,5,2,1114,3,2.0,576.0,1114.0
224243,7,3,1450,3,3.0,788.0,1450.0
220000,7,3,2122,3,2.0,559.0,913.0
257000,8,3,1844,3,2.0,620.0,1844.0
189000,7,3,1434,3,2.0,527.0,1454.0
171500,6,3,1730,3,2.0,528.0,816.0
120000,6,2,1217,2,1.0,288.0,626.0
145000,6,3,1332,3,2.0,542.0,1332.0
184000,7,3,1540,3,2.0,495.0,754.0
160000,6,2,1882,2,2.0,612.0,0.0
82000,4,1,841,2,1.0,294.0,721.0
76000,6,2,784,2,2.0,360.0,784.0
110000,5,2,980,2,2.0,400.0,980.0
135000,5,2,980,2,2.0,484.0,980.0
131400,5,2,1144,2,1.0,264.0,864.0
62383,5,2,864,2,1.0,360.0,864.0
123000,5,2,912,2,1.0,252.0,912.0
280750,7,3,3005,3,3.0,704.0,1376.0
164500,6,3,1224,3,2.0,528.0,612.0
173733,6,3,1224,3,2.0,528.0,612.0
172500,6,2,1471,2,2.0,440.0,729.0
180000,6,3,1512,3,2.0,440.0,756.0
156000,7,3,1452,3,2.0,506.0,691.0
172500,8,3,1739,3,2.0,480.0,970.0
211500,8,3,1226,3,2.0,484.0,1226.0
241600,7,3,1740,3,2.0,540.0,1740.0
180500,8,3,2499,2,2.0,527.0,392.0
154000,6,2,1556,2,2.0,441.0,727.0
256900,6,2,2640,3,2.0,515.0,932.0
163000,5,2,1336,2,2.0,502.0,1288.0
113000,6,2,1216,2,1.0,336.0,1216.0
167900,6,2,1334,2,2.0,630.0,1350.0
213250,7,3,1680,3,2.0,583.0,1650.0
227000,8,3,1665,3,2.0,528.0,810.0
130000,5,2,864,2,1.0,312.0,864.0
143000,5,2,1568,2,2.0,440.0,1568.0
117500,5,2,925,2,1.0,429.0,925.0
168500,7,2,2061,2,2.0,498.0,1165.0
141500,4,2,894,2,2.0,396.0,894.0
118000,5,2,864,2,1.0,308.0,864.0
127500,6,2,864,2,1.0,300.0,864.0
110000,5,2,1776,2,3.0,888.0,1584.0
167000,6,2,1516,2,2.0,472.0,1516.0
153000,5,2,1313,3,2.0,610.0,1313.0
145100,5,2,1292,2,2.0,520.0,1292.0
124500,5,2,1041,2,1.0,270.0,1041.0
174500,6,2,1576,3,2.0,368.0,1208.0
122000,5,2,960,2,1.0,330.0,960.0
149500,6,2,1505,2,2.0,505.0,1505.0
175000,6,3,1691,2,2.0,550.0,1680.0
167000,6,2,1644,2,2.0,418.0,1416.0
128900,5,2,1050,2,1.0,338.0,1050.0
140000,6,2,1668,2,1.0,271.0,856.0
147000,5,3,1113,3,1.0,264.0,1113.0
124000,5,2,1584,2,3.0,792.0,1584.0
187500,6,2,1453,2,2.0,530.0,1453.0
256000,6,2,1567,3,2.0,542.0,1562.0
205000,7,2,1986,2,2.0,486.0,768.0
193500,6,2,2142,3,1.0,509.0,896.0
110000,6,2,1392,2,2.0,576.0,1392.0
150000,5,3,1144,2,1.0,286.0,1169.0
156500,6,2,1478,2,2.0,442.0,1478.0
149500,6,3,988,3,1.0,297.0,988.0
139000,6,2,1632,2,1.0,338.0,1240.0
155000,6,2,1215,2,1.0,297.0,1215.0
120000,5,2,1202,2,1.0,304.0,1202.0
153000,5,2,1382,3,1.0,350.0,1382.0
144000,4,2,1200,2,1.0,294.0,1200.0
176000,6,2,1382,2,2.0,884.0,1362.0
153000,5,2,1297,2,2.0,498.0,1297.0
135000,5,2,1866,2,2.0,495.0,1866.0
131000,6,2,1062,2,1.0,297.0,1062.0
123000,5,2,1319,2,1.0,270.0,608.0
126000,5,2,1112,2,2.0,480.0,631.0
115000,4,2,1005,1,2.0,672.0,1005.0
164900,5,3,1363,2,1.0,288.0,1008.0
113000,5,2,793,1,1.0,240.0,793.0
145500,5,3,1031,3,1.0,230.0,1031.0
102900,5,2,1210,2,1.0,616.0,0.0
95000,3,2,1699,2,2.0,420.0,978.0
152500,7,2,1527,2,2.0,410.0,699.0
129900,5,2,1200,2,1.0,246.0,1200.0
132000,6,2,972,2,1.0,240.0,972.0
99900,3,2,792,2,1.0,366.0,792.0
135000,5,2,1656,2,1.0,180.0,660.0
149000,5,2,1352,3,2.0,720.0,676.0
114000,4,3,1039,2,1.0,281.0,405.0
109500,5,3,792,3,1.0,240.0,768.0
125000,5,2,1078,4,1.0,264.0,1054.0
142900,4,2,2377,3,2.0,528.0,1313.0
156500,7,3,1690,3,2.0,624.0,560.0
105000,4,1,1374,2,1.0,338.0,840.0
106000,5,2,846,3,2.0,576.0,720.0
78500,3,2,725,2,1.0,320.0,630.0
190000,6,2,2544,2,3.0,907.0,1248.0
154000,6,2,1380,2,1.0,364.0,1380.0
163000,6,1,1040,2,2.0,480.0,1040.0
200000,5,2,2634,2,4.0,968.0,1248.0
143500,6,3,951,3,2.0,480.0,951.0
135000,6,2,1105,2,1.0,308.0,1105.0
153000,5,2,1306,2,1.0,756.0,992.0
113500,6,2,1142,2,1.0,384.0,160.0
133000,5,3,1268,2,1.0,288.0,832.0
92900,3,2,1040,2,2.0,400.0,0.0
128500,6,2,1133,2,2.0,900.0,795.0
90000,4,2,1040,2,2.0,420.0,0.0
138000,5,2,1904,2,1.0,240.0,1208.0
128000,5,2,1041,2,1.0,294.0,1041.0
139000,5,2,1339,2,1.0,294.0,1029.0
118900,5,2,732,2,1.0,240.0,732.0
138000,5,2,1183,2,1.0,288.0,528.0
132500,5,2,1148,2,1.0,672.0,1148.0
133500,4,2,1461,2,1.0,384.0,832.0
135000,6,2,1495,2,2.0,576.0,864.0
144750,6,2,1806,2,2.0,483.0,780.0
145000,5,2,941,3,2.0,564.0,941.0
127000,6,2,1045,2,1.0,264.0,1045.0
109500,5,2,894,2,1.0,308.0,894.0
110000,5,2,1230,2,2.0,440.0,440.0
128900,6,2,1378,3,1.0,162.0,901.0
103500,6,2,1944,2,2.0,324.0,972.0
66500,5,2,1131,2,1.0,200.0,676.0
130000,5,2,1306,3,2.0,472.0,240.0
150000,5,2,1558,2,2.0,400.0,690.0
107500,5,2,2372,2,1.0,432.0,994.0
124500,5,2,1960,2,2.0,400.0,960.0
135000,7,2,1389,2,1.0,240.0,651.0
93000,4,1,936,2,2.0,576.0,936.0
129500,5,2,1328,2,1.0,308.0,768.0
93000,5,2,1387,3,1.0,256.0,811.0
80000,4,2,861,2,2.0,288.0,861.0
45000,2,2,612,2,1.0,308.0,0.0
91300,5,2,886,2,1.0,273.0,190.0
99500,5,3,792,2,1.0,287.0,624.0
87500,4,3,1510,3,2.0,720.0,677.0
110000,5,2,1284,2,1.0,240.0,720.0
106000,5,2,2138,2,2.0,360.0,849.0
265979,7,3,2640,3,4.0,864.0,1240.0
160000,6,2,2007,4,1.0,357.0,917.0
119000,6,2,1288,4,1.0,280.0,624.0
168000,8,3,1742,3,2.0,424.0,916.0
143000,7,2,1482,2,2.0,324.0,650.0
85000,5,2,1022,2,1.0,280.0,1022.0
124900,5,2,1869,2,2.0,456.0,1088.0
119000,6,1,1480,2,1.0,207.0,972.0
146500,6,2,1521,3,3.0,640.0,741.0
223500,5,2,1576,3,2.0,528.0,1324.0
205000,7,3,1548,4,2.0,672.0,952.0
137000,5,2,1654,2,1.0,336.0,297.0
128000,4,2,1324,2,1.0,240.0,672.0
134900,6,3,1176,2,2.0,624.0,698.0
117000,5,2,1348,2,1.0,216.0,884.0
132500,6,2,1412,2,1.0,280.0,780.0
93000,5,2,1142,2,1.0,320.0,468.0
119000,6,3,904,2,1.0,180.0,884.0
100000,5,2,1301,1,2.0,440.0,1145.0
141500,5,2,1539,2,2.0,576.0,927.0
133000,4,2,1573,3,1.0,240.0,884.0
105000,5,2,875,2,1.0,180.0,715.0
115000,5,2,995,2,1.0,264.0,960.0
150000,5,2,1582,2,1.0,250.0,952.0
126500,5,2,1072,2,5.0,1184.0,1072.0
167500,7,2,2019,3,2.0,532.0,728.0
155000,6,2,1768,2,2.0,576.0,1048.0
155000,7,3,1826,4,1.0,164.0,910.0
179900,7,2,1944,2,1.0,216.0,672.0
149000,6,2,1930,2,1.0,316.0,720.0
103000,4,2,1208,2,2.0,539.0,780.0
135000,6,2,1666,2,1.0,384.0,1204.0
116000,6,2,1403,2,1.0,308.0,698.0
88750,4,2,704,1,1.0,220.0,560.0
103600,6,2,1369,2,1.0,300.0,672.0
63000,5,2,1112,2,1.0,226.0,585.0
175000,5,2,1464,2,2.0,480.0,520.0
139000,5,2,1121,2,2.0,480.0,1121.0
172500,6,2,1683,2,2.0,440.0,918.0
113500,5,2,1052,2,1.0,668.0,1052.0
130000,5,2,899,3,1.0,288.0,864.0
137000,5,2,860,2,2.0,528.0,840.0
165000,5,2,1774,2,1.0,384.0,552.0
148000,6,2,1138,2,2.0,480.0,1138.0
143000,5,2,1473,4,1.0,452.0,1437.0
127500,6,2,1689,2,2.0,480.0,1436.0
121500,5,2,1073,2,1.0,340.0,1073.0
60000,5,2,1276,2,1.0,350.0,1276.0
154400,6,2,1639,3,1.0,240.0,747.0
113000,4,2,672,2,1.0,234.0,672.0
125000,5,2,1089,2,1.0,252.0,1089.0
139500,5,3,1049,3,1.0,266.0,1049.0
131000,5,2,1716,2,1.0,281.0,768.0
105000,6,2,1258,2,1.0,280.0,560.0
108000,4,2,1510,2,1.0,296.0,755.0
162000,7,3,1061,3,2.0,462.0,1054.0
156500,6,3,1338,3,2.0,576.0,520.0
316600,8,3,2132,3,2.0,612.0,1496.0
271900,7,3,2196,3,3.0,701.0,2158.0
213000,7,3,1775,3,2.0,425.0,740.0
239900,7,3,1879,3,2.0,473.0,1079.0
239500,8,3,2020,3,2.0,466.0,1128.0
131000,5,3,2016,2,2.0,576.0,0.0
118964,5,2,1535,2,2.0,410.0,0.0
153337,5,2,1224,2,2.0,528.0,1086.0
147983,5,2,2228,2,2.0,720.0,0.0
118858,5,2,1535,2,2.0,400.0,0.0
118858,5,2,1535,2,2.0,400.0,0.0
142953,5,2,2240,2,2.0,528.0,0.0
148325,5,2,1229,3,2.0,672.0,1094.0
113722,5,2,1513,2,2.0,400.0,0.0
323262,9,4,1680,4,3.0,1138.0,1555.0
297000,8,3,1718,3,3.0,826.0,1705.0
295493,8,3,1630,4,3.0,860.0,1622.0
332000,9,4,1720,4,3.0,846.0,1720.0
239900,8,3,1468,3,3.0,904.0,1468.0
212000,8,3,1768,3,2.0,578.0,866.0
272500,8,3,1838,3,2.0,524.0,1838.0
239000,9,3,1800,4,2.0,702.0,1800.0
220000,7,3,1604,3,2.0,660.0,1604.0
200000,7,3,1290,3,2.0,662.0,1282.0
221800,8,3,1254,3,3.0,810.0,1254.0
194500,7,3,1232,3,2.0,632.0,1232.0
237000,8,3,1498,3,3.0,844.0,1498.0
173000,6,3,1422,3,2.0,440.0,704.0
152000,5,2,1040,3,2.0,576.0,1040.0
143000,5,2,990,2,1.0,440.0,990.0
231500,6,2,1764,3,2.0,470.0,928.0
212000,7,3,1661,3,2.0,550.0,799.0
207000,7,2,1463,2,2.0,539.0,1463.0
145000,5,2,1097,2,2.0,672.0,1097.0
138000,5,2,990,2,2.0,480.0,990.0
197900,7,2,1779,3,2.0,546.0,866.0
204000,7,3,1501,3,2.0,577.0,1490.0
192000,7,3,1431,3,2.0,666.0,1431.0
200000,6,2,1772,2,2.0,492.0,928.0
195000,7,3,1660,3,2.0,493.0,831.0
227000,7,3,1573,3,2.0,544.0,1573.0
230000,7,3,1840,3,2.0,622.0,944.0
187100,7,3,1430,3,2.0,605.0,1413.0
203000,7,3,1444,3,2.0,577.0,1431.0
201000,7,3,1492,3,2.0,608.0,1492.0
134900,5,2,914,2,2.0,444.0,914.0
150500,5,2,1040,3,2.0,484.0,1040.0
133500,5,2,864,2,1.0,338.0,864.0
123000,5,2,894,2,2.0,600.0,894.0
133900,5,2,768,2,1.0,396.0,768.0
133000,5,2,768,2,2.0,396.0,768.0
250000,7,3,1611,3,3.0,1231.0,1569.0
220000,8,3,1513,3,2.0,521.0,1462.0
203000,7,3,1504,3,2.0,478.0,1504.0
210000,7,3,1417,3,2.0,511.0,1417.0
191000,7,3,1716,3,2.0,512.0,880.0
178000,7,3,1212,3,2.0,573.0,1212.0
213000,7,3,1630,3,2.0,451.0,1630.0
293200,8,3,1602,3,3.0,810.0,1578.0
190000,7,3,1728,3,2.0,572.0,864.0
190000,7,3,1500,3,2.0,570.0,1500.0
173500,6,3,1476,3,2.0,540.0,738.0
170000,6,3,1396,3,2.0,440.0,608.0
108000,4,2,1126,3,2.0,520.0,0.0
167000,5,2,1486,2,2.0,480.0,1486.0
100000,4,2,816,2,1.0,288.0,816.0
198500,7,3,1922,3,2.0,672.0,0.0
159500,6,2,1426,2,2.0,440.0,690.0
127000,4,2,1149,2,1.0,544.0,1014.0
125000,6,2,1125,2,1.0,352.0,1041.0
320000,9,4,1698,4,3.0,768.0,1698.0
145500,6,2,1072,2,2.0,525.0,547.0
85000,4,2,876,2,1.0,320.0,876.0
120000,5,2,1368,2,1.0,195.0,1078.0
98000,4,2,1529,2,1.0,240.0,0.0
82000,3,2,944,1,2.0,528.0,0.0
103500,5,2,1560,2,1.0,313.0,1150.0
110000,6,2,1196,3,2.0,528.0,684.0
122000,5,2,1298,2,1.0,256.0,720.0
117000,5,2,1604,2,2.0,660.0,984.0
160000,5,2,1268,2,1.0,250.0,832.0
159434,5,2,1520,2,1.0,281.0,793.0
60000,2,2,438,1,1.0,246.0,290.0
139500,6,2,1489,2,1.0,240.0,778.0
197000,7,2,3082,2,2.0,672.0,824.0
105000,6,2,1242,2,1.0,180.0,583.0
135000,4,2,1981,3,2.0,576.0,1122.0
147500,6,3,1232,3,2.0,440.0,816.0
137450,6,2,1608,3,1.0,216.0,976.0
155000,7,3,1135,3,2.0,576.0,560.0
177000,6,2,1913,2,2.0,342.0,896.0
145000,7,2,1477,2,1.0,216.0,861.0
137000,7,2,1228,2,1.0,215.0,600.0
234000,7,3,2080,3,1.0,282.0,1276.0
205000,5,2,1567,2,2.0,440.0,840.0
160000,5,3,1308,2,1.0,256.0,728.0
155000,5,2,1273,2,1.0,307.0,1273.0
163500,5,2,964,2,2.0,432.0,876.0
154900,5,2,1343,2,1.0,186.0,731.0
144800,5,2,1112,2,1.0,390.0,1112.0
174500,7,2,1564,1,1.0,234.0,704.0
193000,6,2,1561,2,2.0,463.0,1561.0
158000,5,2,1523,1,1.0,295.0,1067.0
158500,6,2,1152,3,1.0,300.0,1092.0
224000,6,2,1906,2,2.0,576.0,1310.0
115000,6,2,1032,2,2.0,452.0,516.0
137000,6,2,1229,3,2.0,462.0,561.0
121000,6,2,1229,2,2.0,462.0,561.0
124000,6,2,1229,2,2.0,462.0,561.0
147000,5,2,1344,2,1.0,468.0,672.0
123000,5,2,2168,3,2.0,576.0,760.0
78000,5,2,1192,2,1.0,189.0,596.0
75000,4,2,572,2,1.0,200.0,572.0
230000,8,4,1648,4,2.0,482.0,1596.0
57625,2,1,810,2,1.0,280.0,0.0
251000,8,3,2052,3,3.0,642.0,1107.0
239686,7,3,2149,3,2.0,670.0,1434.0
240000,7,3,1710,3,2.0,550.0,1710.0
215000,6,2,1961,3,2.0,560.0,804.0
156450,6,2,926,2,1.0,351.0,902.0
173000,6,2,1287,2,2.0,541.0,957.0
126000,5,2,1734,3,2.0,539.0,0.0
152000,5,2,1595,2,2.0,672.0,1582.0
375000,7,2,2036,2,2.0,513.0,2136.0
315500,9,3,1620,4,3.0,912.0,1620.0
224500,7,2,1692,3,2.0,650.0,846.0
410000,9,4,2036,4,3.0,780.0,2190.0
316500,9,4,1641,4,3.0,885.0,1641.0
201000,8,3,1466,3,3.0,610.0,1466.0
175000,6,2,1412,3,2.0,576.0,1392.0
213500,7,2,1479,3,2.0,578.0,1645.0
170000,7,3,2014,3,2.0,486.0,912.0
315000,9,4,1838,4,3.0,765.0,1838.0
425000,9,4,1978,4,3.0,920.0,1978.0
139500,5,2,1008,3,1.0,384.0,1008.0
115000,5,2,1771,2,2.0,336.0,0.0
162000,6,2,1204,2,2.0,412.0,1204.0
91000,4,2,988,2,1.0,297.0,462.0
130000,5,2,874,2,1.0,288.0,864.0
86000,4,2,630,3,1.0,286.0,630.0
160000,5,2,1404,2,2.0,504.0,1188.0
80000,4,2,630,2,1.0,286.0,630.0
88000,4,2,1092,2,1.0,286.0,546.0
131900,5,2,796,2,1.0,336.0,796.0
131250,6,2,1091,2,1.0,429.0,384.0
149000,5,2,883,2,2.0,698.0,828.0
143000,5,2,1362,2,2.0,480.0,796.0
130000,5,2,1287,2,2.0,440.0,624.0
173000,5,3,1632,2,2.0,898.0,784.0
176500,6,4,1414,2,2.0,601.0,1184.0
206900,6,2,2112,2,2.0,576.0,952.0
187500,6,2,1604,2,2.0,470.0,926.0
165000,6,2,1470,2,2.0,420.0,680.0
195500,6,2,1604,2,2.0,472.0,926.0
192000,6,2,1638,2,2.0,472.0,943.0
177900,5,3,1384,3,2.0,404.0,1348.0
175000,7,2,1446,2,2.0,406.0,729.0
286000,8,3,1593,4,2.0,682.0,1593.0
247900,8,3,1682,3,2.0,528.0,1664.0
180000,8,3,1337,3,2.0,462.0,1337.0
180000,8,3,1280,3,2.0,506.0,1280.0
181000,6,2,1604,2,2.0,470.0,926.0
183000,6,2,1633,2,2.0,460.0,932.0
189000,8,3,1228,3,2.0,472.0,1228.0
188500,8,3,1337,3,2.0,462.0,1337.0
355000,8,3,2500,4,3.0,683.0,1168.0
325000,9,3,2504,4,3.0,656.0,1122.0
387000,9,4,1884,4,3.0,670.0,1884.0
334000,9,4,1710,4,2.0,557.0,1710.0
215000,7,2,2093,2,2.0,542.0,791.0
226500,7,3,1688,4,2.0,528.0,1675.0
175500,6,2,1422,3,2.0,576.0,1422.0
235000,7,3,2064,3,2.0,550.0,2048.0
220000,7,3,1782,3,2.0,551.0,1782.0
161000,6,2,1211,3,2.0,461.0,1211.0
185000,7,2,2044,2,2.0,489.0,738.0
146900,5,2,1308,2,2.0,484.0,720.0
180000,6,2,1523,2,2.0,478.0,1193.0
159900,6,2,1444,2,2.0,473.0,1444.0
205000,7,2,1964,2,2.0,483.0,803.0
157000,5,2,1178,3,2.0,439.0,1176.0
133000,5,2,1792,2,2.0,480.0,896.0
151000,6,2,1054,2,2.0,460.0,1054.0
111900,4,2,936,2,1.0,288.0,936.0
123000,5,2,864,2,2.0,576.0,864.0
181000,6,3,1337,3,2.0,511.0,1405.0
103400,6,2,987,2,1.0,264.0,483.0
100000,6,2,987,2,1.0,264.0,483.0
100500,6,2,987,2,1.0,352.0,483.0
106000,6,2,987,2,1.0,280.0,483.0
85400,6,2,987,2,1.0,264.0,483.0
89500,6,2,987,2,1.0,264.0,483.0
111750,5,2,1302,2,1.0,264.0,630.0
140000,6,2,1069,2,2.0,440.0,1069.0
143000,6,2,1456,2,2.0,460.0,855.0
148500,7,2,1055,2,2.0,440.0,1055.0
394617,8,4,1932,4,3.0,774.0,1932.0
426000,10,4,2332,4,3.0,846.0,1682.0
385000,10,4,2084,4,3.0,1220.0,2078.0
446261,9,4,2713,4,3.0,858.0,1452.0
317500,8,3,1582,3,3.0,905.0,1582.0
372402,8,3,1710,3,3.0,866.0,1710.0
417500,8,3,2464,4,3.0,650.0,2418.0
383000,9,4,1950,4,3.0,706.0,1950.0
390000,9,3,2748,4,3.0,850.0,1850.0
460000,10,4,2790,4,4.0,1150.0,1620.0
379000,9,3,2331,4,3.0,1003.0,1414.0
250000,8,4,2088,3,3.0,656.0,948.0
316000,8,3,2332,4,3.0,756.0,1148.0
615000,10,4,2470,4,3.0,789.0,2535.0
412500,9,3,2668,4,3.0,726.0,1572.0
284000,7,3,2046,3,3.0,871.0,998.0
284000,8,3,1575,3,3.0,732.0,1603.0
421250,8,3,2649,3,3.0,746.0,1479.0
370000,8,3,2690,3,3.0,795.0,1765.0
336860,9,4,1866,4,3.0,870.0,1858.0
367294,9,4,1702,4,3.0,1052.0,1702.0
192000,7,3,1367,3,2.0,484.0,1367.0
274000,8,4,1518,4,2.0,588.0,1518.0
266000,9,4,1684,4,2.0,564.0,1684.0
370967,9,4,1800,4,3.0,944.0,1800.0
234250,8,3,1342,3,2.0,550.0,1342.0
219500,8,3,1342,3,2.0,550.0,1342.0
155000,7,3,1626,3,2.0,474.0,764.0
154000,7,3,1626,3,2.0,474.0,764.0
207000,7,3,1358,3,2.0,484.0,1358.0
191000,7,3,1504,3,2.0,437.0,1346.0
159895,7,3,1266,3,2.0,388.0,1266.0
187687,7,3,1246,3,2.0,428.0,1146.0
179000,6,3,1515,3,2.0,393.0,789.0
193000,6,2,1593,2,2.0,398.0,839.0
190000,7,3,1166,3,2.0,400.0,856.0
176000,6,2,1456,3,2.0,400.0,728.0
217300,7,3,1358,3,2.0,484.0,1350.0
186500,6,2,1792,2,2.0,451.0,936.0
226750,7,3,1892,2,2.0,431.0,982.0
184000,7,3,1490,3,2.0,388.0,788.0
225000,7,3,2322,2,2.0,400.0,1037.0
185900,7,2,1651,2,2.0,450.0,831.0
284500,8,3,2199,3,2.0,516.0,1173.0
315000,8,3,2630,3,3.0,696.0,1470.0
250000,8,3,2198,3,3.0,836.0,1145.0
350000,8,3,2006,3,3.0,938.0,1982.0
279500,7,3,2125,3,2.0,576.0,1064.0
350000,8,3,2113,3,3.0,839.0,2109.0
341000,7,3,2418,3,3.0,983.0,1311.0
287500,7,3,2197,3,3.0,783.0,1080.0
271000,7,3,2127,3,2.0,525.0,1223.0
301500,8,3,1987,3,2.0,691.0,1986.0
235128,8,3,1580,3,3.0,830.0,1580.0
214000,6,3,1933,3,3.0,668.0,894.0
232000,8,3,1574,3,3.0,824.0,1574.0
240000,7,3,1578,3,3.0,642.0,1578.0
264132,9,3,1506,4,2.0,592.0,1498.0
245000,8,2,1563,3,3.0,758.0,1563.0
227680,7,3,1428,4,2.0,554.0,1417.0
257000,8,3,1861,3,3.0,851.0,1341.0
297900,8,3,1874,3,3.0,880.0,955.0
212700,8,3,1372,3,2.0,588.0,1363.0
250580,7,3,1372,3,2.0,529.0,1372.0
226700,7,3,1768,3,2.0,603.0,866.0
250000,8,3,1992,3,2.0,648.0,1053.0
250000,7,3,1958,3,3.0,936.0,1026.0
339750,8,3,2078,4,3.0,836.0,1034.0
256000,8,3,1660,3,3.0,660.0,1660.0
230348,7,3,1218,3,2.0,462.0,1218.0
207500,6,3,1728,3,2.0,673.0,864.0
188000,6,3,1696,3,2.0,542.0,835.0
192500,7,3,1663,3,2.0,478.0,835.0
159000,5,2,1114,3,2.0,576.0,1114.0
155000,6,2,1114,3,2.0,576.0,1114.0
173000,6,3,1640,3,2.0,520.0,798.0
170000,7,3,1162,3,2.0,483.0,1162.0
182000,6,3,1609,3,2.0,525.0,754.0
163000,6,3,1680,3,2.0,474.0,886.0
193500,6,2,1679,3,2.0,575.0,1408.0
189000,7,3,1657,3,2.0,483.0,832.0
190500,6,3,1677,3,2.0,627.0,827.0
175000,7,3,1737,3,2.0,506.0,836.0
187000,6,3,1710,3,2.0,506.0,832.0
193000,6,3,1617,3,2.0,533.0,1604.0
153900,6,3,1199,3,2.0,530.0,1199.0
128000,5,2,984,2,1.0,384.0,984.0
135000,5,2,864,3,1.0,420.0,864.0
115000,5,2,890,2,1.0,308.0,890.0
119916,5,2,864,2,1.0,276.0,864.0
142000,6,2,912,3,1.0,288.0,912.0
192000,6,2,1430,2,2.0,484.0,1430.0
140000,5,2,1641,2,2.0,490.0,1001.0
372500,9,3,2786,3,2.0,636.0,1848.0
196000,7,3,1391,3,2.0,530.0,1391.0
171900,7,3,1250,3,2.0,625.0,625.0
178000,7,3,1245,3,2.0,495.0,1235.0
165000,6,3,1200,3,2.0,480.0,600.0
146000,7,3,1392,3,2.0,540.0,689.0
146000,7,3,1392,3,2.0,540.0,689.0
179400,7,2,1501,2,2.0,440.0,744.0
172900,6,2,1549,2,2.0,440.0,744.0
290000,9,3,1419,4,2.0,588.0,1419.0
305000,9,3,1557,4,2.0,484.0,1557.0
328900,9,3,1709,3,2.0,506.0,1698.0
160000,7,3,1252,3,2.0,462.0,600.0
170000,7,3,1404,3,2.0,462.0,672.0
223000,7,2,1789,2,2.0,546.0,858.0
170000,8,3,1586,3,2.0,480.0,960.0
200000,8,3,1607,3,2.0,480.0,960.0
345000,10,4,2393,4,2.0,846.0,970.0
245500,8,3,1288,4,2.0,500.0,1260.0
217500,8,3,1239,3,2.0,477.0,1230.0
324000,8,3,1719,3,2.0,473.0,1719.0
290000,8,4,1671,4,2.0,550.0,1426.0
174000,7,2,1682,2,2.0,530.0,1304.0
150000,6,2,1740,2,2.0,512.0,1740.0
145000,6,3,1258,3,2.0,528.0,1258.0
140500,5,2,1625,2,2.0,484.0,1625.0
240000,6,2,2614,2,2.0,624.0,1522.0
141000,5,2,1464,2,2.0,470.0,732.0
147000,5,2,912,3,2.0,576.0,912.0
135000,5,3,925,2,2.0,576.0,912.0
145000,5,2,1728,2,2.0,576.0,1728.0
142600,5,2,1728,2,2.0,576.0,1728.0
135000,5,2,1656,2,2.0,506.0,1656.0
185000,6,3,1876,3,2.0,540.0,901.0
98000,5,2,1014,2,1.0,267.0,0.0
109008,4,2,907,2,1.0,352.0,907.0
155000,5,2,1128,2,2.0,525.0,1120.0
180500,6,2,1425,2,2.0,576.0,1425.0
174900,6,2,1165,2,2.0,490.0,1127.0
140000,6,2,1136,2,1.0,384.0,1136.0
145000,6,2,1092,2,2.0,504.0,1092.0
179900,5,2,1265,3,2.0,502.0,1219.0
168500,6,2,1350,2,2.0,520.0,1248.0
140000,5,2,1114,2,2.0,451.0,1114.0
145500,5,3,1053,3,1.0,312.0,1053.0
142000,6,3,1252,3,2.0,528.0,1252.0
118000,5,2,1077,2,1.0,205.0,991.0
87000,4,2,906,2,1.0,231.0,348.0
141500,5,1,1496,3,2.0,450.0,1296.0
119000,6,2,1252,2,1.0,288.0,1032.0
141500,5,2,1337,3,1.0,264.0,572.0
165500,6,2,1661,3,1.0,377.0,992.0
112900,5,2,1036,2,1.0,312.0,1036.0
163000,6,2,1362,2,2.0,504.0,1362.0
139950,5,2,1144,2,2.0,456.0,1144.0
174000,6,3,1537,3,2.0,462.0,1319.0
165000,6,2,1431,2,1.0,296.0,1099.0
227000,6,3,1988,3,2.0,480.0,1104.0
124000,5,2,1144,2,1.0,336.0,1144.0
140000,5,2,1283,2,2.0,506.0,931.0
136500,5,2,1176,2,1.0,292.0,1176.0
185000,5,2,1440,3,1.0,480.0,1248.0
163000,6,2,1261,2,2.0,433.0,1261.0
166800,6,2,1570,2,2.0,441.0,1395.0
139000,6,2,1196,2,1.0,297.0,1196.0
166000,6,2,1392,2,2.0,458.0,1392.0
136000,6,2,1080,2,1.0,288.0,1080.0
133000,5,2,1104,2,1.0,384.0,1104.0
116000,5,2,882,3,1.0,240.0,720.0
137500,5,2,1152,2,2.0,636.0,1152.0
180000,6,2,1790,2,2.0,540.0,998.0
139000,5,2,952,2,2.0,840.0,952.0
110000,5,2,773,2,1.0,240.0,773.0
100000,5,2,1764,2,1.0,301.0,0.0
118500,5,2,1216,2,1.0,336.0,832.0
146000,5,2,1824,2,2.0,484.0,1824.0
89900,4,2,869,2,1.0,390.0,0.0
114000,5,2,1159,2,1.0,288.0,747.0
140000,5,2,1558,2,1.0,288.0,913.0
86900,4,3,672,2,1.0,308.0,672.0
139000,5,2,1436,2,4.0,1488.0,892.0
171000,6,2,1716,2,2.0,490.0,858.0
139000,5,2,1044,2,2.0,372.0,912.0
186000,7,2,1312,2,2.0,495.0,1312.0
242000,7,2,2069,3,2.0,505.0,585.0
116000,5,3,910,3,2.0,414.0,105.0
94000,5,2,876,2,2.0,576.0,876.0
98300,5,2,1048,2,2.0,420.0,0.0
127000,5,2,1507,2,1.0,404.0,1075.0
159000,5,2,1256,3,1.0,311.0,1256.0
125900,5,2,1027,2,1.0,299.0,1027.0
155000,5,2,1269,2,1.0,308.0,1269.0
138000,6,2,1320,2,2.0,576.0,768.0
112500,6,2,984,2,1.0,280.0,936.0
105500,6,2,832,3,2.0,528.0,832.0
127500,6,2,1278,2,1.0,240.0,854.0
150000,5,2,1588,2,2.0,480.0,768.0
109500,5,2,825,2,1.0,350.0,825.0
140000,6,2,1796,2,2.0,483.0,780.0
167900,6,2,1611,2,2.0,442.0,780.0
136870,5,2,1117,2,1.0,264.0,1117.0
143000,6,2,1133,2,1.0,308.0,192.0
73000,5,2,764,2,2.0,504.0,680.0
157500,5,2,1539,3,2.0,686.0,650.0
122600,5,2,1323,2,2.0,400.0,780.0
111000,5,2,1360,2,1.0,330.0,680.0
256000,6,3,2792,2,2.0,520.0,1510.0
64000,5,2,672,2,1.0,256.0,672.0
139500,6,3,1456,3,1.0,308.0,728.0
200000,7,2,2082,3,2.0,484.0,1362.0
119164,4,2,1656,2,2.0,440.0,801.0
122250,5,1,1740,4,1.0,225.0,936.0
155000,6,2,1436,2,2.0,828.0,884.0
78000,5,2,899,2,1.0,200.0,481.0
115000,5,2,789,2,1.0,250.0,789.0
147000,5,2,1122,3,2.0,528.0,924.0
140000,5,2,1499,2,3.0,869.0,904.0
46500,2,2,407,2,1.0,297.0,407.0
112500,5,2,928,2,1.0,288.0,928.0
107900,4,2,901,2,1.0,281.0,901.0
295000,7,2,3493,3,3.0,870.0,1470.0
139500,5,2,1627,2,2.0,420.0,797.0
153900,5,2,1416,2,3.0,720.0,876.0
132000,7,2,1450,2,1.0,288.0,624.0
98000,5,2,1344,2,3.0,513.0,624.0
114000,5,2,1017,2,1.0,308.0,346.0
130000,5,2,2350,2,2.0,393.0,973.0
129500,6,2,2058,2,2.0,396.0,735.0
161000,7,2,1378,3,2.0,360.0,689.0
163000,6,2,1912,2,2.0,672.0,482.0
325000,10,4,2775,3,2.0,880.0,1237.0
55000,2,1,1086,2,2.0,400.0,723.0
184000,7,2,2495,2,2.0,342.0,1313.0
110000,5,2,984,1,1.0,308.0,984.0
131500,5,2,1795,2,1.0,352.0,1050.0
97000,5,2,882,2,1.0,308.0,0.0
115500,4,2,1093,2,1.0,308.0,869.0
138000,5,3,1143,2,1.0,288.0,1008.0
79500,5,2,935,2,1.0,308.0,742.0
124000,5,2,1210,3,1.0,240.0,672.0
106900,6,2,1290,2,1.0,200.0,554.0
164900,6,2,1672,3,1.0,240.0,981.0
119000,5,2,949,2,2.0,370.0,949.0
120000,6,2,1158,2,1.0,208.0,862.0
157000,6,2,1497,2,1.0,672.0,825.0
105000,6,2,1342,2,1.0,240.0,739.0
113000,6,2,1013,2,1.0,160.0,992.0
115000,5,2,1216,2,1.0,355.0,565.0
123000,4,2,1136,2,1.0,336.0,704.0
162900,5,2,1573,2,2.0,360.0,1078.0
150000,7,2,2009,2,2.0,400.0,989.0
123500,5,2,1902,2,2.0,576.0,1100.0
129900,7,2,1774,2,2.0,468.0,952.0
128000,6,2,1362,2,2.0,502.0,611.0
68500,4,2,520,1,1.0,240.0,520.0
127000,5,2,1285,2,1.0,240.0,672.0
207000,6,2,1848,3,2.0,370.0,833.0
184000,7,2,1820,2,1.0,240.0,1026.0
162500,6,2,1716,3,2.0,672.0,810.0
130000,6,2,838,1,1.0,275.0,816.0
127500,6,3,1609,2,1.0,228.0,796.0
136000,6,2,1536,2,1.0,308.0,768.0
141000,6,2,1969,2,2.0,400.0,1272.0
127500,6,2,1040,2,2.0,320.0,1040.0
127000,6,2,1236,2,1.0,384.0,768.0
125000,5,2,825,2,2.0,720.0,825.0
85000,5,2,759,2,2.0,576.0,451.0
135000,6,2,1469,2,1.0,216.0,756.0
124000,5,3,1054,2,1.0,240.0,1046.0
134000,5,2,1211,2,1.0,322.0,952.0
135000,5,2,1271,2,1.0,312.0,720.0
134432,4,2,1588,2,2.0,680.0,0.0
129500,5,2,1040,2,1.0,384.0,1040.0
157500,6,2,1096,2,2.0,484.0,1008.0
145000,5,2,992,3,1.0,294.0,992.0
130000,5,2,894,3,2.0,450.0,894.0
108959,4,2,1258,2,2.0,400.0,1198.0
95541,5,2,1140,2,2.0,400.0,1300.0
144900,5,2,960,3,1.0,300.0,960.0
185000,6,2,1188,2,2.0,621.0,988.0
140000,5,2,1601,2,1.0,300.0,533.0
108000,5,2,672,2,1.0,240.0,672.0
152400,5,2,1350,3,3.0,627.0,576.0
192000,7,2,2022,2,2.0,505.0,1160.0
245000,7,2,1524,2,2.0,478.0,1524.0
241500,7,2,1363,2,2.0,439.0,1385.0
177000,6,2,1357,4,1.0,312.0,1019.0
125600,7,2,1079,2,1.0,249.0,570.0
155000,6,2,1094,2,2.0,495.0,1094.0
240000,6,2,2358,2,2.0,360.0,907.0
185000,6,2,1674,2,2.0,396.0,1163.0
235000,6,2,2108,3,2.0,540.0,1127.0
159900,5,2,1509,3,1.0,322.0,1509.0
134500,6,3,1269,2,1.0,280.0,621.0
119000,5,2,1367,2,1.0,384.0,861.0
125000,5,2,1164,2,1.0,240.0,1164.0
95000,5,2,1111,2,1.0,200.0,616.0
262280,7,2,2329,3,2.0,514.0,1475.0
226500,7,3,1626,3,2.0,534.0,1602.0
229000,7,3,2037,3,2.0,472.0,672.0
177439,7,3,1356,3,2.0,484.0,628.0
248500,8,3,1615,3,3.0,864.0,1615.0
475000,9,3,2276,4,3.0,1348.0,2271.0
395039,9,4,1766,4,3.0,874.0,1751.0
228000,7,3,2097,3,3.0,678.0,1080.0
200000,6,2,1688,3,2.0,603.0,616.0
155000,5,2,990,2,2.0,528.0,990.0
144000,5,2,1099,3,1.0,352.0,1099.0
145000,5,2,990,2,2.0,672.0,990.0
207500,7,3,1652,3,2.0,532.0,782.0
193000,7,3,1790,3,2.0,588.0,873.0
188000,7,2,1724,3,2.0,527.0,880.0
191000,7,3,1479,3,2.0,577.0,1468.0
221000,7,3,1494,3,2.0,530.0,1494.0
231500,7,3,1792,3,2.0,564.0,963.0
235000,7,3,1823,3,2.0,626.0,928.0
223500,7,3,1786,3,2.0,608.0,920.0
149900,5,3,985,2,1.0,328.0,985.0
163000,5,2,1558,2,2.0,440.0,864.0
110000,5,2,924,2,1.0,280.0,924.0
127000,5,2,864,2,1.0,352.0,864.0
124900,5,2,780,2,1.0,352.0,780.0
230000,8,3,1795,3,2.0,534.0,1777.0
230000,8,3,1852,3,3.0,660.0,1004.0
222500,7,3,2031,3,2.0,541.0,1153.0
224900,7,3,1768,3,2.0,543.0,884.0
240000,7,3,2327,3,2.0,596.0,1129.0
183000,7,3,1640,3,2.0,595.0,798.0
207000,8,3,1764,3,2.0,560.0,850.0
210000,7,3,1908,3,2.0,493.0,915.0
136500,6,3,848,3,2.0,420.0,848.0
208900,6,2,1493,3,2.0,508.0,1478.0
185000,6,2,1838,2,3.0,721.0,1838.0
214000,7,3,1536,3,2.0,532.0,1536.0
208500,7,3,1710,3,2.0,548.0,856.0
186500,7,3,1445,3,2.0,470.0,1445.0
210000,7,3,1436,3,2.0,484.0,1436.0
185900,7,3,1582,3,2.0,520.0,770.0
179900,8,3,1234,3,2.0,484.0,1234.0
218836,7,3,1564,3,3.0,814.0,1564.0
193000,7,3,1361,3,2.0,610.0,1351.0
189000,7,3,1456,3,2.0,410.0,728.0
123000,5,2,1092,2,1.0,264.0,1092.0
147500,5,3,1256,2,1.0,276.0,1256.0
165000,5,2,1033,2,2.0,504.0,456.0
135000,6,2,1127,2,2.0,480.0,1127.0
137500,4,2,1181,2,2.0,588.0,1138.0
165400,7,3,1656,3,2.0,397.0,746.0
160500,6,2,1398,2,2.0,440.0,684.0
176000,4,2,1132,3,2.0,451.0,1132.0
160000,10,4,5642,4,2.0,1418.0,6110.0
148000,6,2,1072,2,2.0,525.0,547.0
99000,4,2,930,2,1.0,286.0,911.0
130500,5,2,1200,2,1.0,240.0,768.0
135000,4,2,1470,2,1.0,548.0,941.0
135500,5,2,1393,2,1.0,300.0,816.0
100000,4,2,1204,2,1.0,312.0,416.0
108000,4,2,1292,3,1.0,205.0,949.0
179500,5,2,2192,3,1.0,240.0,720.0
136500,6,2,1694,2,2.0,576.0,1181.0
168000,7,2,1424,2,1.0,312.0,1228.0
189000,5,2,2601,2,2.0,621.0,612.0
161900,6,2,1920,2,2.0,480.0,960.0
145000,6,2,1316,2,1.0,369.0,644.0
191000,6,2,2555,2,2.0,672.0,588.0
177000,6,2,1680,2,1.0,308.0,840.0
147500,6,2,1264,2,2.0,400.0,676.0
91000,6,2,790,2,1.0,160.0,768.0
231000,8,3,1512,3,1.0,180.0,798.0
115000,6,2,1639,2,1.0,240.0,1064.0
149000,7,2,1502,2,1.0,270.0,776.0
188700,6,2,1660,2,1.0,240.0,715.0
104000,6,2,1091,2,1.0,344.0,1091.0
257076,8,2,1873,2,2.0,786.0,608.0
263400,7,2,2161,3,2.0,506.0,832.0
236500,5,2,1898,2,2.0,484.0,1898.0
116500,6,2,1032,2,2.0,462.0,516.0
151000,6,2,1556,2,2.0,452.0,716.0
126000,6,2,919,2,1.0,195.0,894.0
120000,6,2,1090,2,1.0,240.0,720.0
120500,5,2,778,2,1.0,924.0,740.0
126000,5,1,1656,2,1.0,288.0,624.0
99500,5,2,912,2,1.0,360.0,520.0
165500,5,2,1955,2,1.0,356.0,1151.0
13100,1,1,733,1,2.0,487.0,0.0
89000,4,2,1361,2,1.0,185.0,173.0
40000,4,2,1317,2,1.0,250.0,649.0
80900,4,2,1049,2,1.0,195.0,356.0
81000,3,1,894,2,3.0,1248.0,894.0
65000,4,2,864,1,1.0,216.0,592.0
392500,8,4,1652,3,2.0,482.0,1600.0
294464,8,4,1648,4,2.0,525.0,1596.0
250000,7,3,1646,4,2.0,482.0,1594.0
275000,8,3,1646,3,2.0,482.0,1594.0
171000,6,2,1118,2,1.0,358.0,1096.0
171500,6,2,1279,2,2.0,473.0,1196.0
100000,5,2,1872,2,2.0,484.0,0.0
228500,4,2,1689,2,2.0,432.0,1680.0
241500,7,3,1501,3,2.0,512.0,1277.0
294000,8,3,1537,3,3.0,788.0,1518.0
293077,8,3,1646,3,3.0,800.0,1638.0
264966,8,3,1780,3,2.0,612.0,920.0
172500,5,2,1442,2,2.0,400.0,352.0
167500,5,2,1394,3,2.0,400.0,384.0
218689,7,3,1612,3,3.0,666.0,796.0
150000,6,2,1495,2,2.0,438.0,1495.0
184000,6,2,1651,2,2.0,616.0,1606.0
180000,6,3,1256,3,2.0,578.0,1256.0
175000,6,3,1509,3,2.0,600.0,1461.0
232500,8,3,1440,3,2.0,467.0,1432.0
305000,8,3,2262,3,3.0,749.0,1482.0
298751,8,3,1728,3,2.0,520.0,1884.0
370000,8,3,1964,3,3.0,892.0,1964.0
209200,7,2,1344,2,4.0,784.0,1344.0
206300,7,2,1344,2,4.0,784.0,1344.0
160500,6,2,1189,2,2.0,392.0,1189.0
173000,4,2,1200,2,3.0,850.0,1200.0
129500,5,2,1475,2,1.0,336.0,550.0
105000,4,2,988,2,1.0,297.0,526.0
94900,4,2,988,2,1.0,297.0,462.0
113000,5,2,988,2,2.0,520.0,988.0
128500,5,2,816,2,1.0,264.0,816.0
119500,5,2,923,2,1.0,264.0,876.0
130500,5,3,816,3,1.0,264.0,816.0
138000,5,2,816,2,2.0,816.0,816.0
134500,5,2,845,3,1.0,264.0,845.0
160000,6,2,1750,2,1.0,423.0,983.0
137500,5,2,889,2,2.0,484.0,864.0
167300,6,2,1587,2,2.0,525.0,1587.0
167000,7,2,1277,2,2.0,526.0,1277.0
244000,7,2,2223,2,2.0,516.0,2223.0
268000,8,3,2217,3,2.0,621.0,2217.0
169000,6,2,1600,2,2.0,460.0,916.0
161500,6,2,1384,2,2.0,390.0,384.0
251000,8,3,1652,4,2.0,499.0,1494.0
178750,7,3,1553,3,2.0,420.0,691.0
176000,7,2,1253,2,2.0,402.0,1237.0
204000,6,2,2299,2,2.0,482.0,938.0
154204,6,2,1128,2,2.0,480.0,1302.0
182000,8,3,1179,2,2.0,480.0,1166.0
212000,8,3,1321,3,2.0,484.0,1312.0
377426,9,3,1922,3,3.0,676.0,1922.0
349265,8,3,2541,4,3.0,729.0,1149.0
591587,9,4,2338,3,3.0,1110.0,2660.0
155000,5,2,1424,2,3.0,828.0,1100.0
319900,9,3,1612,4,2.0,556.0,1612.0
392000,8,3,1419,3,2.0,567.0,1419.0
441929,8,3,2234,3,2.0,724.0,2220.0
455000,10,4,2042,4,3.0,724.0,1742.0
178000,6,2,1868,2,2.0,477.0,585.0
176000,7,3,1479,3,2.0,484.0,725.0
213000,7,2,1664,3,2.0,663.0,1529.0
192000,7,2,1930,3,2.0,481.0,780.0
190000,7,2,1969,2,2.0,534.0,808.0
151500,6,2,1177,3,2.0,495.0,1153.0
197000,7,2,1725,2,2.0,550.0,539.0
192350,6,2,1353,2,2.0,478.0,1259.0
152000,5,2,1620,2,2.0,462.0,780.0
170000,6,2,1220,2,2.0,944.0,1625.0
175000,5,2,1484,2,2.0,487.0,1484.0
175000,6,3,1743,2,2.0,539.0,702.0
174000,7,2,1324,3,2.0,585.0,1228.0
178900,6,2,1877,2,2.0,488.0,1084.0
139000,5,2,1109,2,1.0,288.0,372.0
155000,5,2,1422,2,2.0,576.0,925.0
133000,5,2,914,4,1.0,368.0,914.0
119500,5,2,950,2,1.0,280.0,950.0
123000,4,2,872,2,4.0,480.0,858.0
120500,4,2,864,2,2.0,528.0,864.0
133000,7,2,767,2,1.0,367.0,723.0
155000,6,3,1337,3,2.0,511.0,1337.0
177000,6,3,1337,3,2.0,522.0,1405.0
113500,6,2,1092,2,1.0,264.0,525.0
113000,6,2,1218,2,1.0,264.0,672.0
113700,6,2,1218,4,1.0,264.0,672.0
106000,5,2,1302,2,2.0,440.0,630.0
122500,5,2,1365,2,2.0,440.0,765.0
155000,6,2,1548,3,2.0,440.0,804.0
142500,7,2,1055,2,1.0,319.0,1061.0
129250,5,2,988,2,1.0,360.0,988.0
356000,9,4,1816,4,3.0,730.0,1790.0
314813,9,4,1828,3,3.0,774.0,1822.0
318000,8,4,1694,3,3.0,818.0,1694.0
322400,8,3,1694,3,3.0,856.0,1694.0
318000,8,3,1734,4,3.0,928.0,1734.0
345474,8,3,2122,3,3.0,938.0,2108.0
415298,9,4,2121,4,3.0,732.0,2121.0
492000,9,4,2656,4,3.0,1040.0,1934.0
338931,8,3,2550,4,3.0,670.0,1108.0
450000,10,4,2046,4,3.0,878.0,1994.0
280000,7,3,2172,3,3.0,947.0,1063.0
479069,9,4,2552,4,3.0,932.0,2552.0
395000,8,3,1973,3,3.0,895.0,1935.0
380000,9,4,2643,4,3.0,694.0,2153.0
250000,8,3,1634,3,3.0,866.0,1626.0
440000,8,3,1976,3,3.0,908.0,1976.0
418000,9,3,2758,4,3.0,814.0,1704.0
500067,10,4,2290,4,3.0,1174.0,2320.0
260116,8,3,2152,3,2.0,728.0,1582.0
317000,8,3,2473,3,3.0,852.0,1143.0
319500,8,4,2100,4,3.0,786.0,918.0
325624,8,3,2161,4,3.0,789.0,1582.0
372000,9,4,1802,4,3.0,843.0,1802.0
342000,8,3,2956,4,3.0,916.0,1706.0
354000,8,3,2468,3,3.0,872.0,1136.0
350000,8,3,2385,3,3.0,818.0,1317.0
285000,8,3,2374,4,3.0,656.0,1181.0
245700,7,3,1614,3,3.0,878.0,1614.0
232698,8,3,1721,3,2.0,554.0,1721.0
250000,8,3,1828,3,3.0,876.0,1298.0
194700,6,3,1362,3,2.0,460.0,1362.0
204000,6,3,1302,3,2.0,631.0,1302.0
200000,6,3,1302,3,2.0,631.0,1302.0
207000,6,3,1362,3,2.0,460.0,1362.0
209500,8,3,1554,3,2.0,627.0,1554.0
209500,8,3,1554,3,2.0,627.0,1554.0
202500,8,3,1370,3,2.0,484.0,1370.0
280000,9,4,1577,4,2.0,564.0,1577.0
277500,9,4,1561,4,2.0,556.0,1561.0
318061,9,4,1869,4,2.0,617.0,1869.0
221370,8,3,1324,3,2.0,550.0,1324.0
200000,7,3,1405,3,2.0,478.0,1405.0
176000,6,3,1536,3,2.0,400.0,768.0
178900,6,3,1484,3,2.0,393.0,783.0
168165,7,2,1458,3,2.0,454.0,608.0
171925,6,3,1495,3,2.0,440.0,738.0
198444,6,3,1746,3,3.0,350.0,698.0
203000,6,2,1326,3,2.0,388.0,1326.0
179540,7,3,1456,3,2.0,400.0,728.0
176485,7,3,1302,3,2.0,436.0,1302.0
181134,7,3,1340,3,2.0,396.0,1340.0
156932,6,2,1412,3,2.0,432.0,616.0
166000,6,3,1504,3,2.0,440.0,752.0
177594,7,3,1456,3,2.0,400.0,728.0
173500,7,3,1258,3,2.0,462.0,1246.0
172500,7,3,1258,3,3.0,648.0,1258.0
194201,7,3,1402,3,3.0,648.0,1258.0
185485,7,3,1266,3,2.0,388.0,1266.0
259000,7,3,1530,3,3.0,630.0,1530.0
188500,7,3,1119,3,2.0,437.0,835.0
175000,7,3,1374,3,2.0,400.0,384.0
215000,7,3,1959,3,2.0,434.0,847.0
206580,7,3,1525,3,2.0,534.0,1510.0
183500,7,3,1720,3,2.0,440.0,840.0
211000,7,3,1948,3,2.0,434.0,847.0
175000,6,2,1647,2,2.0,460.0,953.0
170000,7,2,1430,2,2.0,400.0,384.0
187000,6,2,1690,2,2.0,442.0,915.0
185000,6,2,1644,2,2.0,460.0,941.0
745000,10,3,4476,4,3.0,813.0,2396.0
384500,8,3,2551,3,3.0,925.0,1779.0
410000,9,3,3078,3,3.0,806.0,1408.0
322500,8,3,2582,3,3.0,758.0,1389.0
252000,7,3,2385,3,3.0,600.0,1066.0
755000,10,4,4316,4,3.0,832.0,2444.0
269790,7,3,2013,2,2.0,455.0,1117.0
315750,7,3,2398,3,3.0,834.0,1379.0
290000,7,3,2520,3,3.0,721.0,1203.0
290000,8,3,2531,3,3.0,752.0,1318.0
263000,8,3,2202,3,2.0,517.0,1105.0
330000,8,3,2538,3,3.0,933.0,1325.0
213133,7,3,1369,3,2.0,605.0,1369.0
260261,8,3,1542,3,3.0,852.0,1542.0
320000,9,4,1905,4,3.0,788.0,1905.0
282922,8,3,1464,3,3.0,754.0,1485.0
215000,8,3,1534,3,2.0,484.0,1524.0
419005,10,4,1966,4,3.0,1092.0,1966.0
255000,8,3,1636,3,3.0,865.0,1623.0
147000,8,3,1795,3,3.0,895.0,1795.0
311872,7,4,1726,4,3.0,786.0,1726.0
248328,7,3,1689,3,3.0,954.0,1689.0
227000,8,3,1588,3,3.0,825.0,1588.0
260000,8,3,1538,3,2.0,484.0,1538.0
225000,8,3,1496,3,2.0,474.0,1496.0
249000,7,3,1506,3,2.0,672.0,1494.0
307000,8,3,1694,3,2.0,636.0,1686.0
250000,7,3,1977,3,3.0,574.0,982.0
221300,8,3,1830,3,3.0,859.0,1302.0
208900,8,3,1338,3,2.0,598.0,1338.0
210400,7,3,1335,3,2.0,575.0,1335.0
255000,8,3,1792,3,2.0,590.0,896.0
212109,5,3,1588,3,2.0,561.0,725.0
270000,8,3,1959,3,3.0,1025.0,1088.0
303477,8,3,2610,4,2.0,550.0,1184.0
249700,8,3,1656,3,3.0,826.0,1656.0
227875,7,3,1761,3,2.0,578.0,874.0
261329,8,4,1584,4,2.0,594.0,1574.0
253000,8,3,1685,3,3.0,658.0,1685.0
265000,6,3,2443,3,3.0,744.0,1158.0
340000,8,3,2466,3,2.0,610.0,1580.0
149000,5,3,1094,3,2.0,576.0,1094.0
181000,7,3,1486,3,2.0,566.0,1461.0
201000,6,3,1721,3,2.0,471.0,928.0
179000,7,2,1349,2,2.0,539.0,1349.0
179200,6,3,1575,3,2.0,529.0,1575.0
128000,6,2,1266,2,1.0,283.0,630.0
144000,5,2,2020,2,2.0,630.0,0.0
120750,5,2,894,2,1.0,308.0,894.0
132500,5,2,970,2,2.0,624.0,970.0
132000,5,2,1057,2,2.0,576.0,1057.0
129000,4,2,1120,1,2.0,544.0,1040.0
143900,5,2,1696,2,1.0,349.0,1140.0
145000,5,2,1040,2,2.0,686.0,1040.0
129000,5,2,1037,2,2.0,431.0,1037.0
147000,6,2,1055,3,2.0,542.0,1044.0
285000,8,3,2872,3,2.0,541.0,1683.0
214000,8,3,1378,3,2.0,540.0,1378.0
166000,8,3,1151,3,2.0,484.0,1141.0
193800,8,3,1565,3,2.0,476.0,1511.0
208900,7,3,1352,3,2.0,466.0,1352.0
194000,7,3,1352,3,2.0,466.0,1352.0
164700,7,3,1250,3,2.0,528.0,625.0
176500,6,2,1501,2,2.0,440.0,744.0
176000,6,2,1458,2,2.0,440.0,729.0
177000,6,3,1573,3,2.0,440.0,756.0
174000,8,3,1441,3,2.0,492.0,776.0
239000,7,3,1950,3,2.0,576.0,975.0
204000,7,3,1358,3,2.0,625.0,1339.0
312500,8,3,2362,3,2.0,1105.0,1220.0
279700,8,3,1494,3,2.0,478.0,1494.0
255000,7,3,2362,3,2.0,546.0,2002.0
218000,5,3,1437,3,2.0,528.0,1437.0
213750,8,3,1295,3,2.0,571.0,1057.0
187000,6,3,1855,2,2.0,512.0,528.0
181500,6,2,1262,2,2.0,460.0,1262.0
373000,8,3,2497,3,2.0,676.0,2461.0
143450,6,2,1152,2,2.0,412.0,912.0
240050,6,2,2411,2,2.0,570.0,1008.0
164000,6,2,1295,2,2.0,528.0,1295.0
185000,7,2,1610,3,2.0,515.0,1124.0
188500,7,2,1594,3,2.0,472.0,1594.0
255000,7,3,2075,3,2.0,473.0,1148.0
158500,6,2,1093,2,2.0,484.0,1093.0
175500,7,2,1242,2,2.0,528.0,1242.0
127000,6,2,1052,2,1.0,311.0,1052.0
127000,5,2,1107,3,1.0,308.0,949.0
156000,5,2,1073,2,2.0,515.0,1073.0
126500,5,2,1065,2,2.0,461.0,1065.0
145000,6,2,1138,2,1.0,264.0,588.0
120000,5,2,912,2,1.0,297.0,912.0
124000,5,2,1074,3,2.0,396.0,894.0
137500,5,2,964,2,2.0,784.0,964.0
117600,5,2,894,2,1.0,312.0,894.0
163500,7,2,1200,2,2.0,440.0,1174.0
161000,6,2,1042,2,2.0,440.0,1042.0
158000,6,2,1302,3,1.0,309.0,1302.0
224500,6,2,2154,2,2.0,539.0,845.0
150750,5,2,1327,3,2.0,624.0,1063.0
101800,4,2,1224,2,2.0,462.0,0.0
124000,6,2,932,3,1.0,306.0,932.0
138500,5,2,908,2,2.0,512.0,822.0
112000,5,2,808,2,1.0,308.0,808.0
165000,6,2,1977,2,2.0,540.0,816.0
144000,5,2,1150,2,1.0,288.0,1078.0
137000,5,2,1920,2,2.0,400.0,928.0
105000,5,2,1376,2,1.0,240.0,768.0
146500,5,2,1644,3,1.0,312.0,728.0
126000,5,2,1560,2,3.0,792.0,1560.0
158500,6,2,1254,2,2.0,525.0,1218.0
114500,5,2,912,2,1.0,275.0,912.0
144000,5,2,1524,2,1.0,315.0,874.0
141000,6,2,936,3,1.0,315.0,936.0
131000,5,2,1008,1,1.0,308.0,1008.0
142100,5,2,1053,3,2.0,692.0,1053.0
139000,5,2,1056,2,1.0,308.0,1056.0
157900,6,2,1442,2,1.0,301.0,1442.0
139400,5,2,1056,2,1.0,260.0,1056.0
150000,6,2,1244,2,1.0,336.0,1244.0
120000,5,2,1144,2,1.0,336.0,1144.0
174850,6,2,1721,2,2.0,464.0,1331.0
116000,5,2,922,2,1.0,308.0,922.0
135000,5,2,1048,2,1.0,286.0,1048.0
130000,5,2,1411,2,1.0,310.0,1204.0
129500,5,2,1216,2,1.0,336.0,1216.0
142000,5,2,1154,4,1.0,336.0,864.0
128600,5,2,1560,2,2.0,484.0,1560.0
125000,6,2,948,2,2.0,410.0,948.0
136000,6,2,1040,2,1.0,293.0,1040.0
134500,5,2,1008,3,1.0,240.0,1008.0
127000,5,2,925,3,1.0,252.0,925.0
130000,5,2,1360,2,2.0,572.0,384.0
115000,4,2,1540,1,1.0,352.0,1190.0
116900,5,2,925,2,1.0,390.0,923.0
132000,5,2,928,2,1.0,252.0,928.0
153000,4,2,1647,2,1.0,280.0,1105.0
135000,5,2,893,3,2.0,576.0,845.0
301600,5,2,3086,3,3.0,1200.0,666.0
109000,5,2,1034,2,1.0,240.0,735.0
128500,4,2,1281,2,2.0,580.0,1151.0
64500,4,2,968,2,1.0,216.0,656.0
86000,5,2,691,4,1.0,216.0,691.0
172000,7,2,1651,2,1.0,276.0,725.0
120000,5,2,888,2,1.0,240.0,920.0
128500,6,2,952,2,1.0,288.0,952.0
135000,5,2,2080,1,2.0,504.0,1040.0
122900,5,2,924,2,2.0,576.0,672.0
119200,6,2,1082,2,1.0,240.0,1082.0
143000,6,2,1846,2,1.0,315.0,1040.0
119000,5,2,988,2,1.0,276.0,876.0
102000,5,2,1238,2,1.0,357.0,864.0
129000,5,2,864,3,2.0,720.0,864.0
135000,5,2,1134,2,1.0,254.0,1010.0
140000,5,2,1170,2,1.0,338.0,1170.0
152000,5,2,1242,2,1.0,324.0,1242.0
156500,5,2,1377,2,1.0,351.0,1377.0
99000,5,2,925,2,1.0,300.0,0.0
187000,6,2,1851,3,2.0,440.0,822.0
169500,5,2,1812,2,1.0,264.0,864.0
125500,5,2,864,2,1.0,294.0,864.0
130000,5,2,936,2,1.0,288.0,896.0
103000,5,3,960,2,2.0,576.0,850.0
132000,5,2,1432,2,2.0,360.0,264.0
127500,6,2,1296,2,2.0,576.0,845.0
89500,5,2,1022,1,1.0,184.0,1022.0
140000,5,2,936,2,2.0,672.0,936.0
99900,5,2,967,2,1.0,180.0,967.0
100000,4,2,1047,2,1.0,273.0,641.0
130000,5,2,1072,2,2.0,379.0,808.0
135000,5,2,1174,3,2.0,576.0,680.0
120000,3,2,1183,2,1.0,308.0,649.0
89471,4,2,1131,2,2.0,672.0,907.0
85000,4,2,1141,2,1.0,252.0,570.0
108500,4,2,960,1,1.0,308.0,960.0
137000,4,2,1798,2,2.0,342.0,1075.0
100000,5,3,968,2,2.0,480.0,968.0
145000,6,2,1642,2,1.0,374.0,728.0
125000,5,2,1472,3,1.0,250.0,702.0
114000,5,2,1232,2,2.0,480.0,616.0
90000,5,2,2337,2,2.0,560.0,662.0
144100,6,2,1650,2,2.0,468.0,926.0
117500,6,2,2210,1,1.0,205.0,1008.0
124500,5,2,1358,3,1.0,336.0,687.0
185000,7,2,2454,2,2.0,576.0,819.0
133900,6,2,2291,2,2.0,506.0,1214.0
152000,6,2,1616,3,1.0,216.0,1149.0
153500,5,2,1559,2,2.0,812.0,1559.0
159500,7,2,2554,2,2.0,704.0,718.0
87000,5,2,1248,2,1.0,160.0,912.0
104500,4,2,968,2,1.0,331.0,0.0
110000,4,2,1382,2,1.0,384.0,0.0
136500,5,2,1060,2,1.0,308.0,756.0
128250,5,2,1435,2,1.0,308.0,910.0
144000,5,2,1167,2,2.0,495.0,915.0
210000,6,2,1635,2,2.0,440.0,1065.0
135000,5,2,1274,2,1.0,224.0,728.0
128000,6,2,1232,2,1.0,217.0,600.0
131000,6,2,1218,2,2.0,440.0,735.0
113000,5,3,884,2,1.0,240.0,884.0
132000,5,2,1322,2,1.0,280.0,672.0
131750,5,2,1426,2,1.0,230.0,966.0
132500,5,2,1281,3,2.0,379.0,756.0
137500,5,2,1513,2,1.0,180.0,939.0
132000,7,2,854,2,2.0,576.0,832.0
127500,6,2,1367,2,1.0,560.0,884.0
102000,6,2,986,2,1.0,180.0,960.0
200000,6,2,2264,2,1.0,408.0,1100.0
180500,6,2,1824,2,2.0,520.0,764.0
165000,6,2,1376,3,2.0,576.0,768.0
90000,5,2,1316,2,2.0,576.0,750.0
153575,6,2,1396,2,1.0,384.0,698.0
136000,6,2,2526,3,1.0,216.0,714.0
113000,5,2,1173,2,1.0,240.0,592.0
117000,5,2,1214,2,1.0,216.0,969.0
139400,7,2,1108,3,1.0,280.0,637.0
202500,6,2,2294,2,2.0,658.0,741.0
141000,6,2,1375,3,1.0,544.0,780.0
212300,7,2,1952,3,1.0,299.0,976.0
161000,6,2,2180,2,2.0,720.0,1138.0
99500,4,2,1315,2,2.0,436.0,808.0
101000,5,2,1111,1,1.0,288.0,530.0
109900,4,2,1196,2,2.0,440.0,1196.0
122000,7,1,1889,2,1.0,308.0,925.0
50000,4,1,1484,2,1.0,264.0,771.0
219000,7,2,2267,2,2.0,498.0,1005.0
126000,5,2,1134,2,1.0,240.0,756.0
108500,5,2,1282,2,1.0,240.0,672.0
130000,5,2,999,2,1.0,308.0,925.0
158450,5,2,1452,2,2.0,572.0,1420.0
115400,4,2,1005,2,2.0,440.0,1005.0
118500,4,2,1029,2,1.0,261.0,1029.0
165000,5,3,1020,2,2.0,528.0,980.0
129000,6,2,913,2,1.0,240.0,814.0
125000,5,2,894,2,1.0,384.0,894.0
119900,5,2,868,2,2.0,576.0,768.0
115000,5,2,897,2,1.0,264.0,876.0
127000,5,2,955,2,1.0,386.0,955.0
129000,5,2,894,2,2.0,450.0,894.0
143500,6,2,1285,2,2.0,528.0,660.0
187000,5,2,1375,2,1.0,323.0,1240.0
158000,5,2,2654,2,2.0,638.0,671.0
165250,7,2,1302,3,1.0,224.0,680.0
150000,6,2,1299,3,2.0,494.0,967.0
137000,5,2,1176,2,1.0,303.0,1158.0
211000,6,3,2060,2,2.0,521.0,1151.0
109900,4,2,1242,2,1.0,336.0,484.0
255000,6,2,2422,3,2.0,527.0,1288.0
243000,6,2,2158,3,2.0,576.0,1202.0
154000,6,2,1626,3,1.0,332.0,988.0
118000,5,2,864,2,1.0,399.0,864.0
130000,5,3,1038,2,1.0,264.0,1038.0
125000,5,2,1342,2,1.0,256.0,1342.0
136500,5,2,1480,2,1.0,253.0,1080.0
96000,4,1,1362,2,1.0,280.0,951.0
120000,5,2,1340,2,1.0,252.0,0.0
228500,6,2,1822,3,2.0,515.0,1105.0
179900,7,3,1442,3,2.0,719.0,910.0
225000,7,3,2243,3,3.0,746.0,700.0
301000,7,3,2730,3,2.0,576.0,1502.0
238000,7,3,2127,3,3.0,833.0,1104.0
228500,7,3,1982,3,2.0,575.0,807.0
220000,7,3,1958,3,2.0,499.0,779.0
383970,7,3,2696,4,3.0,792.0,1264.0
424870,8,3,2828,3,3.0,1052.0,1466.0
250000,8,3,1651,3,3.0,870.0,1643.0
360000,8,3,2140,3,3.0,894.0,2140.0
279500,7,3,1494,3,3.0,840.0,1494.0
200141,7,3,1316,3,2.0,440.0,1316.0
246500,8,3,1651,3,3.0,870.0,1643.0
276000,8,3,2574,4,3.0,868.0,1482.0
203000,7,3,1274,3,2.0,508.0,1274.0
155835,7,3,1456,3,2.0,440.0,728.0
194000,7,3,1240,3,3.0,826.0,1240.0
195400,7,3,1208,3,2.0,628.0,1208.0
217000,7,3,1546,3,3.0,796.0,1546.0
212999,8,3,1500,3,2.0,674.0,1489.0
175900,7,3,1270,3,2.0,524.0,1270.0
191000,7,3,1795,3,2.0,578.0,879.0
176432,6,3,1314,3,2.0,440.0,1314.0
279000,8,3,1743,3,2.0,529.0,966.0
126000,5,2,990,2,1.0,299.0,990.0
177500,6,3,1200,3,2.0,521.0,1200.0
175000,6,2,1308,3,2.0,497.0,635.0
146000,5,2,990,2,1.0,384.0,990.0
147900,5,2,1097,2,1.0,242.0,1097.0
204750,6,2,1786,3,2.0,684.0,824.0
235500,7,3,1873,3,2.0,597.0,988.0
217000,7,3,1753,2,2.0,534.0,853.0
190550,7,3,1690,3,2.0,517.0,845.0
226000,7,3,1479,3,2.0,558.0,1453.0
180000,7,3,1668,3,2.0,500.0,840.0
131000,5,2,894,2,2.0,440.0,864.0
153500,5,2,1025,2,2.0,370.0,1015.0
160000,5,2,1009,2,2.0,576.0,995.0
134900,5,2,1040,2,2.0,748.0,1040.0
130000,5,2,907,2,1.0,308.0,876.0
120000,5,2,879,2,2.0,440.0,864.0
112500,5,2,882,2,2.0,461.0,882.0
122000,5,2,969,2,2.0,440.0,969.0
127000,5,2,864,4,2.0,576.0,864.0
117000,4,2,875,3,2.0,728.0,385.0
305900,8,3,2000,3,3.0,888.0,2000.0
192000,7,3,1459,3,2.0,527.0,1459.0
213000,7,3,1932,3,2.0,610.0,979.0
200000,7,3,1729,3,2.0,542.0,860.0
267000,8,3,2452,3,2.0,683.0,1028.0
228000,8,3,1592,3,2.0,484.0,1556.0
285000,9,3,1668,3,3.0,702.0,1626.0
240000,8,3,2090,3,2.0,556.0,1220.0
131500,6,3,848,3,2.0,420.0,848.0
246900,8,3,1341,3,2.0,482.0,1341.0
219500,7,3,1928,3,2.0,434.0,847.0
185000,7,3,1337,3,2.0,531.0,1337.0
179400,7,3,1476,3,2.0,552.0,738.0
213500,7,3,1797,3,2.0,639.0,939.0
179600,7,3,1422,3,2.0,626.0,1422.0
173500,7,3,1190,3,2.0,578.0,1169.0
167840,6,3,1330,3,2.0,437.0,1330.0
168675,7,3,1491,3,2.0,484.0,738.0
167000,5,3,1536,3,2.0,400.0,768.0
140000,5,2,1214,2,2.0,461.0,1214.0
118500,5,2,936,2,1.0,384.0,936.0
110000,4,2,1088,2,2.0,520.0,1088.0
94750,4,2,960,2,1.0,432.0,960.0
122000,5,2,1351,2,2.0,576.0,901.0
110000,6,2,1179,2,2.0,622.0,1179.0
133500,6,2,1044,2,2.0,528.0,960.0
155000,5,2,1125,2,2.0,430.0,1125.0
157000,5,2,1090,2,2.0,450.0,1090.0
171500,5,2,1408,2,2.0,489.0,734.0
183850,10,4,5095,4,3.0,1154.0,5095.0
184750,10,4,4676,4,3.0,884.0,3138.0
140000,6,2,1072,3,2.0,525.0,547.0
131750,5,2,960,1,1.0,392.0,960.0
111000,4,2,948,2,1.0,248.0,864.0
108500,6,2,865,2,1.0,216.0,660.0
110000,4,2,894,2,2.0,400.0,894.0
112000,4,2,1346,2,1.0,384.0,560.0
125000,4,2,768,2,1.0,355.0,768.0
79275,4,2,864,2,2.0,528.0,864.0
119000,4,2,948,2,1.0,280.0,948.0
165000,6,2,1502,3,1.0,180.0,602.0
96500,5,2,789,2,1.0,200.0,768.0
136500,5,2,1422,2,1.0,352.0,1290.0
146500,6,2,1298,2,1.0,240.0,651.0
175000,5,2,1768,3,1.0,240.0,731.0
148500,7,2,1098,2,1.0,216.0,531.0
141500,6,2,1436,2,1.0,228.0,585.0
189950,7,3,1426,3,1.0,216.0,912.0
135000,6,2,1461,2,1.0,225.0,686.0
164000,7,2,1646,2,1.0,240.0,918.0
90350,5,2,694,3,1.0,352.0,440.0
139000,5,2,1250,2,2.0,552.0,661.0
119750,5,2,954,1,1.0,240.0,920.0
145000,6,2,1958,2,2.0,492.0,979.0
145000,5,2,2002,2,3.0,871.0,1001.0
238000,7,2,1718,3,2.0,264.0,851.0
153500,5,2,1226,2,2.0,400.0,0.0
239000,6,2,2624,2,3.0,864.0,1370.0
359100,8,2,3194,2,2.0,380.0,965.0
188000,4,2,1755,3,1.0,231.0,930.0
140000,5,2,1355,2,2.0,528.0,728.0
315000,8,3,2727,3,2.0,440.0,853.0
259500,6,2,2320,3,1.0,180.0,1028.0
257500,6,2,1839,3,2.0,416.0,1477.0
219500,7,2,1740,2,1.0,240.0,800.0
123900,6,2,1045,2,2.0,462.0,516.0
200000,8,2,1020,2,2.0,509.0,1004.0
315000,8,3,2726,3,2.0,691.0,279.0
141000,6,2,1215,3,2.0,720.0,720.0
87000,5,2,803,2,2.0,360.0,720.0
100000,4,2,1123,2,1.0,264.0,732.0
75200,5,2,816,2,1.0,100.0,816.0
118400,6,2,1012,2,1.0,308.0,1012.0
67000,5,2,1077,2,1.0,338.0,961.0
152000,5,2,1558,2,1.0,282.0,910.0
68104,2,2,845,2,1.0,256.0,0.0
140000,4,2,1073,2,2.0,720.0,1073.0
124900,5,3,1001,3,1.0,216.0,837.0
375000,8,3,1625,3,2.0,495.0,1573.0
235000,8,3,1625,3,2.0,538.0,1573.0
134000,6,2,1080,2,2.0,484.0,1084.0
215000,5,3,1392,3,3.0,650.0,1441.0
245000,7,3,1409,3,2.0,576.0,1409.0
143000,6,2,1026,2,2.0,528.0,970.0
244000,7,3,1501,3,2.0,512.0,1501.0
170000,5,2,1328,2,1.0,308.0,1350.0
257000,6,2,2279,3,2.0,461.0,585.0
231713,7,3,1689,3,2.0,433.0,1689.0
265900,8,3,1484,4,2.0,472.0,1476.0
239000,8,3,1571,3,3.0,722.0,1571.0
248900,8,3,1646,3,3.0,870.0,1638.0
174000,7,2,1240,3,2.0,528.0,1265.0
187500,7,3,1717,3,2.0,400.0,1156.0
187500,7,3,1146,3,2.0,438.0,868.0
282000,8,3,1922,3,3.0,692.0,1922.0
270000,8,3,1629,3,3.0,808.0,1616.0
186700,5,2,1572,2,3.0,995.0,1572.0
283463,8,3,1776,3,3.0,712.0,1732.0
392000,10,4,1824,4,3.0,932.0,1824.0
281213,8,3,2482,3,3.0,642.0,1094.0
130000,3,2,2034,2,4.0,1041.0,0.0
140000,6,2,936,2,2.0,460.0,920.0
132250,4,2,1040,2,2.0,648.0,1064.0
143000,5,2,1632,2,2.0,576.0,1632.0
129900,5,2,1060,2,2.0,572.0,1040.0
134000,5,2,1142,2,2.0,528.0,1142.0
85500,4,2,1092,2,1.0,253.0,546.0
75000,4,2,1092,2,1.0,286.0,546.0
75190,4,2,1092,2,1.0,286.0,546.0
153500,5,2,1008,3,2.0,678.0,923.0
196000,5,2,1676,3,2.0,672.0,1160.0
157000,5,2,1432,2,2.0,531.0,716.0
129500,5,2,768,2,2.0,624.0,768.0
80000,4,2,1608,2,1.0,444.0,1396.0
129500,4,2,845,2,2.0,360.0,845.0
124500,5,2,816,2,1.0,264.0,816.0
139000,5,2,816,2,1.0,264.0,816.0
124500,5,2,887,2,1.0,288.0,864.0
157500,6,2,1024,3,1.0,313.0,1008.0
192100,7,2,1851,2,2.0,506.0,1851.0
183500,6,2,1525,2,2.0,400.0,813.0
202000,6,2,1776,2,2.0,443.0,821.0
185000,6,2,1511,2,2.0,413.0,802.0
320000,7,3,2462,3,2.0,576.0,1392.0
240000,7,3,1670,3,3.0,690.0,1670.0
250000,8,3,2064,3,2.0,527.0,1074.0
239900,8,3,1801,3,3.0,800.0,893.0
309000,7,3,2212,3,3.0,773.0,1700.0
274725,7,3,2021,3,2.0,422.0,868.0
270000,8,3,2687,3,2.0,618.0,2062.0
176500,7,2,1632,2,2.0,462.0,935.0
130000,8,2,1204,2,2.0,461.0,1191.0
239000,7,3,1767,3,2.0,504.0,1064.0
457347,9,3,2798,4,3.0,670.0,1398.0
545224,10,4,3390,4,3.0,758.0,1528.0
356383,9,3,2473,3,3.0,675.0,1094.0
556581,9,3,2868,4,3.0,716.0,1992.0
361919,8,4,2576,4,3.0,666.0,1234.0
535000,10,4,2698,4,3.0,736.0,1850.0
401179,9,3,2795,4,3.0,660.0,1390.0
438780,10,4,2945,3,3.0,641.0,1410.0
145000,5,2,1056,2,2.0,572.0,1056.0
318000,9,3,1714,3,2.0,517.0,1714.0
319000,8,3,1826,3,3.0,758.0,1814.0
470000,9,4,2000,4,3.0,722.0,1910.0
202500,7,3,1621,3,2.0,440.0,1208.0
241500,7,2,1872,2,2.0,604.0,1845.0
188900,7,2,1857,2,2.0,482.0,945.0
207500,6,2,1686,2,2.0,612.0,1686.0
250000,7,2,2784,3,2.0,564.0,1392.0
179900,6,2,1552,2,2.0,434.0,713.0
294323,7,3,2318,3,2.0,541.0,960.0
184500,6,2,1875,3,2.0,485.0,675.0
153500,5,2,1074,2,2.0,495.0,1056.0
162900,7,2,1664,2,2.0,528.0,832.0
181000,6,2,1309,3,2.0,484.0,1040.0
155000,6,2,1103,2,2.0,462.0,1103.0
116050,4,2,864,2,1.0,280.0,864.0
97500,4,2,874,2,2.0,576.0,864.0
190000,6,3,1419,3,2.0,543.0,1487.0
105500,6,2,1092,2,2.0,440.0,525.0
125500,5,2,1365,3,2.0,440.0,765.0
83000,6,2,987,2,1.0,264.0,483.0
116000,6,2,1030,2,1.0,264.0,494.0
118000,6,2,1218,2,1.0,264.0,672.0
89000,6,2,948,2,1.0,264.0,483.0
108000,6,2,1092,2,1.0,264.0,525.0
94500,6,2,987,2,1.0,288.0,483.0
146300,6,2,1069,2,2.0,440.0,1069.0
145000,5,2,1387,2,1.0,300.0,943.0
123000,5,2,900,2,1.0,288.0,864.0
137500,7,2,1055,2,1.0,319.0,1055.0
144000,6,2,1456,2,2.0,460.0,855.0
315000,9,3,1980,4,3.0,770.0,1980.0
412083,9,3,2589,4,3.0,831.0,1738.0
342643,9,2,2596,3,3.0,840.0,1249.0
252000,8,3,1618,3,3.0,880.0,1618.0
293000,7,3,1740,3,3.0,874.0,1721.0
415000,9,4,1868,4,3.0,1085.0,1868.0
326000,9,3,1850,3,3.0,772.0,1833.0
325300,8,3,2376,3,3.0,853.0,1158.0
309000,8,3,2452,3,3.0,691.0,1117.0
300000,9,3,2206,4,3.0,670.0,1090.0
275500,8,3,2098,4,3.0,878.0,1030.0
338500,9,4,2091,4,2.0,521.0,1606.0
345000,9,4,2324,4,3.0,736.0,1175.0
298236,8,3,2389,3,3.0,672.0,1054.0
329900,8,3,2358,4,3.0,784.0,1524.0
360000,9,3,1944,4,3.0,708.0,1896.0
281000,8,3,1970,4,3.0,753.0,1085.0
372397,9,4,1792,3,3.0,925.0,1792.0
378000,9,4,1780,4,3.0,816.0,1780.0
374000,9,3,1792,4,3.0,874.0,1792.0
437154,9,4,2728,4,3.0,706.0,1848.0
275000,8,3,1904,4,2.0,736.0,1058.0
185850,7,3,1364,3,2.0,484.0,1364.0
282500,9,4,1565,4,2.0,556.0,1560.0
202500,7,3,1368,3,2.0,474.0,1368.0
202665,7,3,1368,3,2.0,474.0,1368.0
332200,9,3,1686,4,3.0,899.0,1686.0
310090,9,4,1666,3,2.0,575.0,1666.0
169990,6,3,1316,3,2.0,397.0,1316.0
170440,6,3,1456,3,2.0,390.0,728.0
169985,7,3,1492,3,2.0,440.0,738.0
179665,7,3,1496,3,2.0,426.0,654.0
219210,7,3,1863,3,3.0,660.0,879.0
174190,6,3,1326,3,2.0,427.0,1326.0
172785,6,3,1456,2,2.0,429.0,728.0
258000,8,3,2373,3,3.0,632.0,1052.0
185101,7,3,1492,3,2.0,440.0,738.0
210250,7,3,1364,3,2.0,437.0,1220.0
167240,7,3,1248,3,2.0,438.0,1248.0
156820,7,3,1142,3,2.0,440.0,1142.0
213490,7,3,1506,3,2.0,440.0,1362.0
264561,8,3,1567,4,3.0,648.0,1520.0
246578,7,3,1500,3,3.0,648.0,1356.0
192140,5,3,1838,2,2.0,372.0,732.0
178000,8,3,1414,3,2.0,403.0,707.0
201490,7,3,1598,3,2.0,433.0,848.0
230500,8,3,1936,3,2.0,504.0,1406.0
180000,7,3,1509,3,2.0,393.0,783.0
173000,6,2,1671,2,2.0,472.0,959.0
230000,7,3,2291,3,2.0,429.0,975.0
348000,8,3,2392,3,3.0,870.0,1396.0
286000,8,3,1976,3,3.0,885.0,1044.0
300000,8,3,2234,3,3.0,768.0,1160.0
625000,10,3,3627,3,3.0,807.0,1930.0
280000,8,3,1924,3,2.0,592.0,1086.0
258000,8,3,2263,3,2.0,420.0,1141.0
350000,8,3,2726,3,3.0,725.0,1342.0
584500,9,3,3500,4,3.0,959.0,1733.0
290000,8,3,2526,3,3.0,844.0,1165.0
252000,8,3,1964,3,2.0,760.0,1100.0
423000,8,3,2097,4,3.0,1134.0,2077.0
290000,8,3,1660,3,2.0,500.0,1660.0
232000,7,3,1616,3,3.0,834.0,1616.0
199000,8,3,1504,3,2.0,510.0,1504.0
198600,8,3,1278,3,2.0,584.0,1278.0
405749,9,3,2640,4,3.0,792.0,2036.0
232600,8,3,1489,3,2.0,776.0,1489.0
266000,8,3,1939,3,3.0,1053.0,1095.0
186500,7,3,1553,3,2.0,615.0,756.0
200825,6,3,1716,3,2.0,615.0,858.0
197000,7,3,1576,3,2.0,614.0,770.0
185000,6,3,1262,3,2.0,572.0,1262.0
176000,7,3,1266,3,2.0,453.0,1257.0
187750,7,3,1301,3,2.0,572.0,1293.0
186800,7,3,1400,3,2.0,612.0,1400.0
142500,6,3,1141,2,2.0,484.0,1141.0
158000,6,2,1158,3,2.0,576.0,1158.0
184000,7,3,1686,3,2.0,462.0,891.0
184900,7,3,1585,3,2.0,449.0,784.0
187000,6,2,1837,2,2.0,688.0,941.0
175900,6,3,1603,3,2.0,484.0,761.0
248500,6,3,1731,3,2.0,462.0,836.0
172000,6,3,1398,3,2.0,542.0,1398.0
151000,6,3,1217,3,2.0,484.0,1217.0
119900,5,2,965,2,1.0,300.0,828.0
129500,5,2,988,2,2.0,624.0,988.0
125000,5,2,1728,2,2.0,504.0,1728.0
119500,6,2,1654,2,2.0,528.0,0.0
151000,6,2,1212,2,2.0,492.0,506.0
116000,5,2,909,2,1.0,294.0,882.0
135000,5,2,1236,2,1.0,288.0,912.0
260000,7,3,2646,3,2.0,550.0,1748.0
260000,8,3,2417,3,2.0,462.0,1288.0
334000,8,3,2826,3,3.0,888.0,1334.0
262000,8,3,1624,3,3.0,757.0,1624.0
176400,7,3,1143,3,2.0,588.0,1143.0
197000,8,3,1247,3,2.0,550.0,1247.0
151000,7,2,1200,3,2.0,480.0,600.0
147400,7,3,1223,3,2.0,480.0,600.0
149900,7,3,1223,3,2.0,480.0,600.0
144152,7,3,1200,3,2.0,480.0,600.0
183900,7,3,1452,3,2.0,506.0,691.0
200000,7,3,1694,3,1.0,434.0,569.0
221000,8,3,1568,3,2.0,564.0,1568.0
270000,8,3,1494,4,2.0,481.0,1494.0
188000,8,3,1036,3,2.0,484.0,1036.0
190000,8,3,1226,3,2.0,484.0,1226.0
170000,8,3,1226,3,2.0,484.0,1226.0
385000,9,3,1842,3,3.0,894.0,1842.0
146500,5,2,1193,2,2.0,501.0,1153.0
170000,7,2,1920,3,2.0,487.0,570.0
179900,6,2,1416,2,2.0,776.0,708.0
165150,6,2,1790,2,2.0,484.0,732.0
164500,7,2,1334,2,2.0,477.0,1334.0
140000,7,2,1164,2,2.0,528.0,1164.0
135500,5,2,980,2,1.0,384.0,980.0
142000,5,2,1051,2,2.0,504.0,1051.0
155000,5,2,1770,2,2.0,530.0,900.0
157500,6,2,976,3,2.0,504.0,976.0
138500,5,2,1052,2,1.0,288.0,1052.0
140000,5,2,898,2,1.0,326.0,833.0
158000,5,2,1141,2,1.0,568.0,1141.0
146000,5,2,1200,3,2.0,884.0,864.0
129900,5,2,864,2,2.0,624.0,864.0
145000,5,2,1712,2,2.0,588.0,1626.0
185900,6,2,1565,3,1.0,299.0,1187.0
160000,6,2,1251,2,1.0,461.0,1251.0
157500,5,2,1440,2,2.0,480.0,720.0
140000,6,2,1095,2,1.0,264.0,588.0
150000,5,2,1053,4,2.0,750.0,1008.0
151500,5,2,1248,2,1.0,286.0,1248.0
129800,6,2,816,2,1.0,240.0,816.0
137000,5,2,1043,2,1.0,273.0,938.0
121600,4,2,1230,2,1.0,305.0,747.0
79900,4,2,747,2,2.0,528.0,600.0
127000,5,2,1252,2,2.0,576.0,504.0
161000,5,2,1433,2,2.0,441.0,1251.0
146500,5,2,1624,2,1.0,240.0,1444.0
135000,5,2,1216,2,1.0,280.0,1056.0
137900,5,2,2136,2,2.0,528.0,2136.0
133000,6,2,1578,1,1.0,240.0,806.0
137000,5,2,1728,2,1.0,234.0,704.0
121000,5,2,936,2,1.0,240.0,936.0
98600,5,2,1235,2,2.0,480.0,1235.0
226000,7,2,2157,3,2.0,487.0,924.0
118000,5,2,1128,2,1.0,286.0,936.0
235000,8,3,3112,3,2.0,795.0,1360.0
135000,6,2,1008,2,2.0,430.0,1008.0
132500,5,2,1190,2,2.0,540.0,1106.0
143000,5,2,1144,2,1.0,796.0,1144.0
132000,5,2,1364,2,1.0,331.0,1179.0
145250,6,2,1383,2,1.0,292.0,1383.0
148000,5,2,1370,2,1.0,300.0,1058.0
141000,5,2,1092,2,1.0,299.0,1092.0
153000,6,2,1124,2,1.0,353.0,1124.0
134450,5,2,1236,3,1.0,447.0,1070.0
156000,6,2,1050,3,1.0,286.0,1050.0
140000,6,2,1375,2,2.0,451.0,1367.0
139500,5,2,1008,2,1.0,280.0,1008.0
155000,6,2,1575,3,2.0,400.0,216.0
127000,5,2,1145,2,2.0,684.0,301.0
133500,5,2,1005,2,1.0,319.0,1005.0
125000,5,2,1056,2,1.0,300.0,1056.0
142000,5,2,884,2,1.0,270.0,884.0
167000,7,3,2039,2,3.0,791.0,929.0
159000,5,2,1384,2,2.0,896.0,1015.0
180000,5,2,2640,2,3.0,1008.0,2171.0
127000,6,2,1312,2,2.0,649.0,784.0
112000,6,2,1310,2,1.0,398.0,617.0
99800,3,2,713,3,1.0,371.0,713.0
117000,5,2,833,3,1.0,326.0,833.0
108480,5,2,1073,2,1.0,326.0,1073.0
68000,3,2,715,2,2.0,660.0,715.0
86900,4,2,720,1,1.0,280.0,448.0
120000,5,2,1130,2,2.0,720.0,1120.0
155500,6,2,1595,2,2.0,528.0,663.0
80000,4,2,1760,2,2.0,648.0,1077.0
105000,3,2,1214,2,3.0,936.0,672.0
160000,5,2,2414,2,2.0,520.0,954.0
170000,5,2,1466,3,2.0,566.0,796.0
160000,6,2,1324,2,2.0,440.0,1088.0
159950,5,2,1086,2,2.0,484.0,1024.0
165000,6,2,1146,2,1.0,294.0,1083.0
159000,6,2,1734,3,2.0,440.0,912.0
147000,6,2,1207,2,1.0,264.0,1135.0
115000,5,2,912,2,1.0,288.0,912.0
159500,6,2,1194,2,2.0,539.0,655.0
120000,6,2,864,3,1.0,288.0,864.0
129900,5,2,816,2,1.0,308.0,816.0
183000,6,2,1773,2,2.0,418.0,1313.0
157500,7,2,1472,3,2.0,484.0,0.0
207500,5,2,1600,2,1.0,319.0,1484.0
147500,4,2,1521,3,1.0,597.0,910.0
109500,5,2,1040,2,2.0,625.0,0.0
109900,4,2,1040,2,2.0,420.0,0.0
133700,5,2,1040,2,1.0,286.0,1040.0
81400,3,2,1040,2,2.0,400.0,0.0
93500,3,2,1040,2,2.0,400.0,0.0
141000,5,2,1150,2,1.0,300.0,1150.0
146000,5,2,1150,2,1.0,288.0,1150.0
155000,6,2,1348,2,2.0,453.0,660.0
134500,5,2,999,2,1.0,300.0,925.0
120000,7,2,1045,2,2.0,528.0,1045.0
105000,5,2,864,2,1.0,336.0,864.0
169000,5,3,2014,2,2.0,624.0,716.0
107000,4,2,1328,2,1.0,210.0,686.0
135000,5,2,1668,2,1.0,240.0,1212.0
111500,4,2,1657,1,1.0,162.0,1147.0
156500,6,2,1416,3,2.0,400.0,780.0
178000,7,2,1641,4,2.0,546.0,728.0
139900,7,2,1428,2,2.0,576.0,712.0
105000,7,2,1004,3,1.0,200.0,502.0
110000,6,2,813,3,1.0,270.0,813.0
111500,4,3,1951,1,2.0,576.0,938.0
108000,6,2,1032,2,1.0,280.0,1032.0
111500,5,2,844,2,1.0,216.0,844.0
124000,5,2,1750,4,1.0,240.0,636.0
105000,4,2,864,2,1.0,528.0,576.0
116000,6,2,1118,2,2.0,440.0,648.0
96900,3,2,1376,2,1.0,216.0,738.0
135500,5,2,960,2,2.0,576.0,960.0
139000,5,2,1566,3,2.0,450.0,816.0
61500,3,2,492,2,1.0,200.0,492.0
120000,6,2,1182,2,1.0,378.0,770.0
126175,3,2,1163,2,1.0,220.0,1162.0
64000,3,2,840,1,1.0,250.0,798.0
137000,6,2,1928,1,1.0,440.0,1020.0
87000,4,2,1774,2,3.0,779.0,1095.0
163000,7,2,1768,2,2.0,320.0,880.0
155000,7,2,2104,2,2.0,432.0,1226.0
79000,5,2,1440,2,1.0,352.0,540.0
144000,7,2,1690,2,1.0,225.0,815.0
114504,6,2,1368,2,1.0,216.0,684.0
157000,7,2,1762,3,2.0,576.0,596.0
125000,6,2,1200,2,1.0,312.0,1200.0
475000,10,3,3608,4,3.0,840.0,1107.0
125000,5,2,960,2,2.0,624.0,960.0
140200,6,2,1577,1,1.0,312.0,972.0
202500,6,2,1827,2,1.0,240.0,848.0
159000,6,2,1664,2,2.0,420.0,1004.0
119900,5,2,1118,2,2.0,410.0,793.0
114500,6,2,1176,2,2.0,528.0,816.0
75000,3,3,1162,2,1.0,258.0,728.0
88000,5,2,1015,2,1.0,450.0,768.0
149000,5,2,1576,2,1.0,225.0,1042.0
110000,5,2,1324,3,1.0,180.0,741.0
110500,6,2,1103,3,2.0,440.0,1103.0
89000,5,2,616,2,1.0,205.0,616.0
113000,5,2,1048,2,1.0,280.0,993.0
109000,5,2,816,2,1.0,210.0,816.0
220000,6,2,2486,2,2.0,576.0,1595.0
129000,4,2,960,2,2.0,576.0,960.0
117000,6,2,1635,3,1.0,255.0,485.0
107000,4,2,1430,1,2.0,370.0,596.0
116500,5,1,1330,2,1.0,390.0,396.0
119500,6,2,1376,2,1.0,198.0,780.0
125500,5,2,1360,3,1.0,297.0,803.0
91000,3,2,1077,2,1.0,210.0,1007.0
90000,6,2,984,2,1.0,308.0,984.0
137500,5,2,1422,2,1.0,288.0,806.0
150000,6,2,1921,2,2.0,576.0,1921.0
131000,5,2,1640,2,2.0,394.0,0.0
130000,5,2,1352,3,1.0,288.0,1062.0
125000,5,2,1032,2,1.0,260.0,0.0
80000,5,2,879,2,1.0,180.0,830.0
157000,7,2,1073,2,1.0,246.0,1073.0
148000,4,2,1382,2,2.0,459.0,1051.0
90000,4,2,1296,2,2.0,516.0,0.0
154500,6,2,1068,2,1.0,264.0,1059.0
164500,5,2,1320,2,2.0,564.0,1164.0
132000,6,2,934,2,1.0,336.0,912.0
142500,5,2,1059,2,1.0,286.0,1059.0
149500,6,2,1400,2,2.0,440.0,672.0
180000,5,2,1721,2,2.0,440.0,1461.0
157000,5,2,1949,2,2.0,586.0,1949.0
155000,5,2,1803,2,2.0,484.0,1134.0
170000,5,2,1779,2,2.0,454.0,1763.0
164000,5,2,1000,2,2.0,575.0,1000.0
225000,7,3,2287,2,2.0,667.0,1304.0
130000,5,2,810,2,2.0,576.0,782.0
142500,5,2,894,2,2.0,440.0,864.0
146000,4,2,1350,2,2.0,504.0,967.0
128000,5,2,1150,2,1.0,215.0,799.0
225000,5,2,2008,4,1.0,230.0,896.0
235000,6,2,2009,2,3.0,795.0,672.0
415000,6,2,3672,3,2.0,836.0,1836.0
182000,5,2,1560,2,2.0,528.0,1776.0
135000,5,2,1488,2,2.0,569.0,0.0
137000,5,2,1057,3,1.0,288.0,1057.0
136900,6,2,1855,2,1.0,325.0,994.0
149900,6,2,1609,2,1.0,305.0,1000.0
123500,5,2,1148,2,1.0,308.0,980.0
91500,5,2,1456,2,1.0,280.0,810.0
209000,6,3,2559,4,2.0,506.0,868.0
215000,8,3,1911,3,2.0,471.0,777.0
224500,6,3,1440,3,4.0,920.0,1344.0
229800,7,3,1876,3,3.0,848.0,1308.0
183600,7,3,1208,3,2.0,632.0,1208.0
194000,7,3,1220,3,2.0,632.0,1199.0
193879,7,3,1294,3,2.0,662.0,1286.0
221500,7,3,1614,3,3.0,865.0,1614.0
204900,7,3,1498,3,2.0,675.0,1498.0
239799,7,3,1962,3,3.0,868.0,1391.0
233555,6,3,1846,3,2.0,495.0,1836.0
260000,7,3,1734,3,2.0,660.0,1734.0
294900,8,3,1590,4,3.0,754.0,1570.0
209700,7,3,1809,3,2.0,638.0,945.0
225000,7,3,1614,3,2.0,576.0,1614.0
181000,7,3,1596,3,2.0,610.0,784.0
220000,8,3,1915,3,2.0,506.0,908.0
280000,7,2,1533,3,2.0,576.0,1533.0
158900,6,2,1388,2,2.0,522.0,1388.0
148000,5,3,914,2,2.0,576.0,870.0
145000,5,2,1100,2,2.0,462.0,1100.0
187000,6,3,1499,3,2.0,473.0,781.0
156000,5,2,990,2,2.0,576.0,990.0
235000,7,3,1525,3,2.0,541.0,1525.0
217000,6,2,1494,3,2.0,576.0,1479.0
214000,7,3,1588,3,2.0,472.0,1588.0
196000,7,3,1749,3,2.0,515.0,842.0
217000,7,3,1779,3,2.0,586.0,951.0
200000,7,3,1861,3,2.0,492.0,916.0
192500,7,3,1776,3,2.0,474.0,936.0
205000,7,3,1541,3,3.0,843.0,1541.0
132500,5,2,954,2,2.0,576.0,911.0
157500,6,2,1388,2,1.0,317.0,675.0
174000,6,2,1282,2,3.0,672.0,995.0
128500,5,2,971,2,1.0,300.0,971.0
128500,5,2,864,2,1.0,288.0,864.0
149900,5,2,894,2,2.0,552.0,894.0
119900,5,2,864,2,1.0,297.0,864.0
255000,8,3,1989,3,2.0,586.0,1065.0
214000,6,2,1755,2,2.0,530.0,840.0
197000,7,3,1909,3,2.0,529.0,872.0
268500,8,3,2214,3,3.0,646.0,1090.0
227000,7,2,1939,3,3.0,555.0,1054.0
237000,7,3,1995,3,2.0,610.0,930.0
274300,7,2,2097,3,2.0,583.0,1108.0
216837,7,3,1836,3,2.0,484.0,1860.0
133000,6,3,848,3,2.0,420.0,848.0
155900,6,3,848,3,2.0,420.0,848.0
233230,8,3,1919,3,2.0,685.0,1079.0
207000,7,3,1390,3,2.0,545.0,1390.0
195000,7,3,1948,3,2.0,434.0,847.0
200000,6,3,1700,3,2.0,544.0,1682.0
203160,7,3,1737,3,2.0,578.0,851.0
195800,7,3,1611,3,2.0,572.0,784.0
212900,7,3,1552,3,3.0,782.0,1552.0
196500,7,3,1720,3,2.0,565.0,860.0
198000,7,3,1336,3,2.0,502.0,1336.0
173900,6,2,1500,3,2.0,564.0,750.0
163990,6,3,1456,3,2.0,390.0,728.0
164990,7,3,1310,3,2.0,400.0,1310.0
98000,4,2,1436,2,2.0,528.0,676.0
149900,5,2,1466,1,2.0,528.0,1466.0
102000,4,2,1220,2,2.0,396.0,836.0
119900,5,2,1176,2,1.0,360.0,1176.0
196500,7,3,1724,3,2.0,616.0,796.0
229000,7,3,2314,3,2.0,502.0,1150.0
145000,5,2,1072,2,2.0,525.0,547.0
140000,6,2,1072,2,2.0,525.0,547.0
142500,6,2,1072,2,2.0,525.0,547.0
134000,7,3,1709,3,2.0,380.0,970.0
130000,7,3,1709,3,2.0,380.0,970.0
130000,6,3,1709,3,2.0,380.0,970.0
137500,7,3,1709,3,2.0,380.0,970.0
130000,7,3,1708,3,2.0,380.0,976.0
97900,4,2,936,2,1.0,265.0,624.0
92000,6,2,1338,2,2.0,528.0,832.0
107000,4,2,1669,2,1.0,288.0,1093.0
104900,5,2,1221,2,1.0,392.0,784.0
115000,5,2,864,2,2.0,572.0,864.0
125000,4,2,1482,2,2.0,609.0,954.0
116000,5,2,1250,1,1.0,280.0,686.0
118500,4,3,2230,2,1.0,440.0,795.0
35000,2,2,498,2,1.0,216.0,498.0
121000,4,2,1273,3,1.0,275.0,616.0
140000,6,2,1595,2,1.0,240.0,940.0
137000,5,2,1551,1,1.0,240.0,1058.0
128000,6,2,1340,2,1.0,440.0,780.0
160000,7,2,1479,3,1.0,312.0,624.0
138887,5,2,1784,2,1.0,180.0,747.0
149000,6,2,1510,2,1.0,216.0,755.0
167000,7,2,1636,3,1.0,288.0,818.0
200100,7,2,1802,2,1.0,216.0,793.0
131000,5,2,1465,2,1.0,240.0,992.0
112000,5,2,1288,2,1.0,240.0,824.0
140000,7,2,1717,3,3.0,642.0,756.0
195000,6,2,1550,2,1.0,318.0,817.0
194000,5,2,1717,2,1.0,410.0,901.0
137500,4,2,1180,1,1.0,252.0,700.0
250000,7,3,2057,3,1.0,180.0,1017.0
218000,7,3,1671,2,2.0,451.0,1022.0
239000,6,2,2345,2,2.0,360.0,952.0
199500,7,2,1609,3,3.0,579.0,637.0
210000,6,2,1801,2,2.0,365.0,697.0
230000,6,2,1811,4,2.0,470.0,1073.0
217500,5,2,1647,3,2.0,621.0,1430.0
257000,5,2,2315,2,1.0,342.0,1168.0
157000,5,2,1336,2,1.0,375.0,1165.0
102000,5,2,976,2,1.0,215.0,976.0
145400,6,2,1285,2,2.0,506.0,861.0
85000,4,2,641,1,1.0,272.0,641.0
106500,4,2,951,2,1.0,327.0,951.0
139000,6,2,1638,3,1.0,384.0,967.0
108000,4,2,1336,2,1.0,570.0,637.0
35311,2,2,480,2,1.0,308.0,480.0
375000,8,3,1778,4,2.0,495.0,1573.0
300000,8,3,1646,3,2.0,525.0,1594.0
242500,6,2,1625,1,2.0,576.0,1625.0
145000,6,2,1664,2,2.0,616.0,1664.0
209000,8,3,1491,3,2.0,490.0,1491.0
135000,6,2,1004,2,2.0,504.0,975.0
148000,6,2,1210,2,2.0,528.0,1128.0
171000,7,2,1959,2,3.0,766.0,1907.0
335000,7,3,2519,3,2.0,628.0,1210.0
176000,6,2,1137,3,2.0,551.0,1112.0
180000,7,2,1339,2,2.0,484.0,1309.0
312500,8,3,1800,3,3.0,765.0,1800.0
320000,8,3,1960,3,3.0,714.0,1728.0
369900,8,3,2028,3,3.0,880.0,1868.0
359900,9,4,1838,4,3.0,682.0,1838.0
81500,1,2,1600,2,1.0,270.0,0.0
215000,7,2,1368,2,4.0,784.0,1288.0
164000,6,2,1216,2,2.0,402.0,1216.0
153500,6,2,1337,2,2.0,405.0,1237.0
104500,5,2,1304,2,1.0,336.0,264.0
127000,5,2,1475,2,1.0,336.0,757.0
151400,6,2,2521,2,2.0,576.0,942.0
126500,5,2,874,2,1.0,288.0,864.0
79400,4,2,1092,2,1.0,253.0,546.0
140000,5,2,1360,2,1.0,336.0,1104.0
87550,4,2,1092,2,1.0,286.0,546.0
71000,4,2,1092,2,1.0,286.0,546.0
150900,6,2,1728,2,2.0,574.0,1728.0
188000,5,2,1728,2,2.0,560.0,1728.0
160000,5,2,1126,2,2.0,484.0,1126.0
131000,5,2,1224,2,2.0,576.0,1224.0
142500,6,2,1003,2,2.0,588.0,1003.0
170000,5,2,1389,2,2.0,418.0,1389.0
188000,7,2,2000,2,3.0,650.0,996.0
